Names	MrBeast
Bar Color	#00acd2
Bar Images	x
20-Feb-12	0
21-Feb-12	1.083
22-Feb-12	2.167
23-Feb-12	3.25
24-Feb-12	4.333
25-Feb-12	5.417
26-Feb-12	6.5
27-Feb-12	7.583
28-Feb-12	8.667
29-Feb-12	9.75
1-Mar-12	10.833
2-Mar-12	11.917
3-Mar-12	13
4-Mar-12	14.083
5-Mar-12	15.167
6-Mar-12	16.25
7-Mar-12	17.333
8-Mar-12	18.417
9-Mar-12	19.5
10-Mar-12	20.583
11-Mar-12	21.667
12-Mar-12	22.75
13-Mar-12	23.833
14-Mar-12	24.917
15-Mar-12	26
16-Mar-12	25
17-Mar-12	25.111
18-Mar-12	25.222
19-Mar-12	25.333
20-Mar-12	25.444
21-Mar-12	25.556
22-Mar-12	25.667
23-Mar-12	25.778
24-Mar-12	25.889
25-Mar-12	26
26-Mar-12	25.968
27-Mar-12	25.935
28-Mar-12	25.903
29-Mar-12	25.871
30-Mar-12	25.839
31-Mar-12	25.806
1-Apr-12	25.774
2-Apr-12	25.742
3-Apr-12	25.71
4-Apr-12	25.677
5-Apr-12	25.645
6-Apr-12	25.613
7-Apr-12	25.581
8-Apr-12	25.548
9-Apr-12	25.516
10-Apr-12	25.484
11-Apr-12	25.452
12-Apr-12	25.419
13-Apr-12	25.387
14-Apr-12	25.355
15-Apr-12	25.323
16-Apr-12	25.29
17-Apr-12	25.258
18-Apr-12	25.226
19-Apr-12	25.194
20-Apr-12	25.161
21-Apr-12	25.129
22-Apr-12	25.097
23-Apr-12	25.065
24-Apr-12	25.032
25-Apr-12	25
26-Apr-12	24.985
27-Apr-12	24.969
28-Apr-12	24.954
29-Apr-12	24.938
30-Apr-12	24.923
1-May-12	24.908
2-May-12	24.892
3-May-12	24.877
4-May-12	24.862
5-May-12	24.846
6-May-12	24.831
7-May-12	24.815
8-May-12	24.8
9-May-12	24.785
10-May-12	24.769
11-May-12	24.754
12-May-12	24.738
13-May-12	24.723
14-May-12	24.708
15-May-12	24.692
16-May-12	24.677
17-May-12	24.662
18-May-12	24.646
19-May-12	24.631
20-May-12	24.615
21-May-12	24.6
22-May-12	24.585
23-May-12	24.569
24-May-12	24.554
25-May-12	24.538
26-May-12	24.523
27-May-12	24.508
28-May-12	24.492
29-May-12	24.477
30-May-12	24.462
31-May-12	24.446
1-Jun-12	24.431
2-Jun-12	24.415
3-Jun-12	24.4
4-Jun-12	24.385
5-Jun-12	24.369
6-Jun-12	24.354
7-Jun-12	24.338
8-Jun-12	24.323
9-Jun-12	24.308
10-Jun-12	24.292
11-Jun-12	24.277
12-Jun-12	24.262
13-Jun-12	24.246
14-Jun-12	24.231
15-Jun-12	24.215
16-Jun-12	24.2
17-Jun-12	24.185
18-Jun-12	24.169
19-Jun-12	24.154
20-Jun-12	24.138
21-Jun-12	24.123
22-Jun-12	24.108
23-Jun-12	24.092
24-Jun-12	24.077
25-Jun-12	24.062
26-Jun-12	24.046
27-Jun-12	24.031
28-Jun-12	24.015
29-Jun-12	24
30-Jun-12	24.154
1-Jul-12	24.308
2-Jul-12	24.462
3-Jul-12	24.615
4-Jul-12	24.769
5-Jul-12	24.923
6-Jul-12	25.077
7-Jul-12	25.231
8-Jul-12	25.385
9-Jul-12	25.538
10-Jul-12	25.692
11-Jul-12	25.846
12-Jul-12	26
13-Jul-12	26.2
14-Jul-12	26.4
15-Jul-12	26.6
16-Jul-12	26.8
17-Jul-12	27
18-Jul-12	26.833
19-Jul-12	26.667
20-Jul-12	26.5
21-Jul-12	26.333
22-Jul-12	26.167
23-Jul-12	26
24-Jul-12	25.75
25-Jul-12	25.5
26-Jul-12	25.25
27-Jul-12	25
28-Jul-12	24.938
29-Jul-12	24.875
30-Jul-12	24.813
31-Jul-12	24.75
1-Aug-12	24.688
2-Aug-12	24.625
3-Aug-12	24.563
4-Aug-12	24.5
5-Aug-12	24.438
6-Aug-12	24.375
7-Aug-12	24.313
8-Aug-12	24.25
9-Aug-12	24.188
10-Aug-12	24.125
11-Aug-12	24.063
12-Aug-12	24
13-Aug-12	23.75
14-Aug-12	23.5
15-Aug-12	23.25
16-Aug-12	23
17-Aug-12	22
18-Aug-12	21.929
19-Aug-12	21.857
20-Aug-12	21.786
21-Aug-12	21.714
22-Aug-12	21.643
23-Aug-12	21.571
24-Aug-12	21.5
25-Aug-12	21.429
26-Aug-12	21.357
27-Aug-12	21.286
28-Aug-12	21.214
29-Aug-12	21.143
30-Aug-12	21.071
31-Aug-12	21
1-Sep-12	21.029
2-Sep-12	21.057
3-Sep-12	21.086
4-Sep-12	21.114
5-Sep-12	21.143
6-Sep-12	21.171
7-Sep-12	21.2
8-Sep-12	21.229
9-Sep-12	21.257
10-Sep-12	21.286
11-Sep-12	21.314
12-Sep-12	21.343
13-Sep-12	21.371
14-Sep-12	21.4
15-Sep-12	21.429
16-Sep-12	21.457
17-Sep-12	21.486
18-Sep-12	21.514
19-Sep-12	21.543
20-Sep-12	21.571
21-Sep-12	21.6
22-Sep-12	21.629
23-Sep-12	21.657
24-Sep-12	21.686
25-Sep-12	21.714
26-Sep-12	21.743
27-Sep-12	21.771
28-Sep-12	21.8
29-Sep-12	21.829
30-Sep-12	21.857
1-Oct-12	21.886
2-Oct-12	21.914
3-Oct-12	21.943
4-Oct-12	21.971
5-Oct-12	22
6-Oct-12	22.125
7-Oct-12	22.25
8-Oct-12	22.375
9-Oct-12	22.5
10-Oct-12	22.625
11-Oct-12	22.75
12-Oct-12	22.875
13-Oct-12	23
14-Oct-12	23.103
15-Oct-12	23.207
16-Oct-12	23.31
17-Oct-12	23.414
18-Oct-12	23.517
19-Oct-12	23.621
20-Oct-12	23.724
21-Oct-12	23.828
22-Oct-12	23.931
23-Oct-12	24.034
24-Oct-12	24.138
25-Oct-12	24.241
26-Oct-12	24.345
27-Oct-12	24.448
28-Oct-12	24.552
29-Oct-12	24.655
30-Oct-12	24.759
31-Oct-12	24.862
1-Nov-12	24.966
2-Nov-12	25.069
3-Nov-12	25.172
4-Nov-12	25.276
5-Nov-12	25.379
6-Nov-12	25.483
7-Nov-12	25.586
8-Nov-12	25.69
9-Nov-12	25.793
10-Nov-12	25.897
11-Nov-12	26
12-Nov-12	26.032
13-Nov-12	26.065
14-Nov-12	26.097
15-Nov-12	26.129
16-Nov-12	26.161
17-Nov-12	26.194
18-Nov-12	26.226
19-Nov-12	26.258
20-Nov-12	26.29
21-Nov-12	26.323
22-Nov-12	26.355
23-Nov-12	26.387
24-Nov-12	26.419
25-Nov-12	26.452
26-Nov-12	26.484
27-Nov-12	26.516
28-Nov-12	26.548
29-Nov-12	26.581
30-Nov-12	26.613
1-Dec-12	26.645
2-Dec-12	26.677
3-Dec-12	26.71
4-Dec-12	26.742
5-Dec-12	26.774
6-Dec-12	26.806
7-Dec-12	26.839
8-Dec-12	26.871
9-Dec-12	26.903
10-Dec-12	26.935
11-Dec-12	26.968
12-Dec-12	27
13-Dec-12	27.032
14-Dec-12	27.065
15-Dec-12	27.097
16-Dec-12	27.129
17-Dec-12	27.161
18-Dec-12	27.194
19-Dec-12	27.226
20-Dec-12	27.258
21-Dec-12	27.29
22-Dec-12	27.323
23-Dec-12	27.355
24-Dec-12	27.387
25-Dec-12	27.419
26-Dec-12	27.452
27-Dec-12	27.484
28-Dec-12	27.516
29-Dec-12	27.548
30-Dec-12	27.581
31-Dec-12	27.613
1-Jan-13	27.645
2-Jan-13	27.677
3-Jan-13	27.71
4-Jan-13	27.742
5-Jan-13	27.774
6-Jan-13	27.806
7-Jan-13	27.839
8-Jan-13	27.871
9-Jan-13	27.903
10-Jan-13	27.935
11-Jan-13	27.968
12-Jan-13	28
13-Jan-13	28.214
14-Jan-13	28.429
15-Jan-13	28.643
16-Jan-13	28.857
17-Jan-13	29.071
18-Jan-13	29.286
19-Jan-13	29.5
20-Jan-13	29.714
21-Jan-13	29.929
22-Jan-13	30.143
23-Jan-13	30.357
24-Jan-13	30.571
25-Jan-13	30.786
26-Jan-13	31
27-Jan-13	35
28-Jan-13	34.5
29-Jan-13	34
30-Jan-13	34.5
31-Jan-13	35
1-Feb-13	35.333
2-Feb-13	35.667
3-Feb-13	36
4-Feb-13	36.333
5-Feb-13	36.667
6-Feb-13	37
7-Feb-13	37.333
8-Feb-13	37.667
9-Feb-13	38
10-Feb-13	37.833
11-Feb-13	37.667
12-Feb-13	37.5
13-Feb-13	37.333
14-Feb-13	37.167
15-Feb-13	37
16-Feb-13	36.75
17-Feb-13	36.5
18-Feb-13	36.25
19-Feb-13	36
20-Feb-13	36.133
21-Feb-13	36.267
22-Feb-13	36.4
23-Feb-13	36.533
24-Feb-13	36.667
25-Feb-13	36.8
26-Feb-13	36.933
27-Feb-13	37.067
28-Feb-13	37.2
1-Mar-13	37.333
2-Mar-13	37.467
3-Mar-13	37.6
4-Mar-13	37.733
5-Mar-13	37.867
6-Mar-13	38
7-Mar-13	50.5
8-Mar-13	63
9-Mar-13	75.5
10-Mar-13	88
11-Mar-13	83
12-Mar-13	78
13-Mar-13	73
14-Mar-13	76.5
15-Mar-13	80
16-Mar-13	79
17-Mar-13	77.5
18-Mar-13	76
19-Mar-13	74.5
20-Mar-13	73
21-Mar-13	80
22-Mar-13	87
23-Mar-13	94
24-Mar-13	101
25-Mar-13	95
26-Mar-13	92
27-Mar-13	89
28-Mar-13	93
29-Mar-13	97
30-Mar-13	99
31-Mar-13	103
1-Apr-13	104
2-Apr-13	105
3-Apr-13	107
4-Apr-13	108
5-Apr-13	109.5
6-Apr-13	111
7-Apr-13	113
8-Apr-13	112.5
9-Apr-13	112
10-Apr-13	113
11-Apr-13	114.5
12-Apr-13	116
13-Apr-13	117
14-Apr-13	118
15-Apr-13	119
16-Apr-13	120
17-Apr-13	119
18-Apr-13	120
19-Apr-13	121
20-Apr-13	123
21-Apr-13	128
22-Apr-13	128.5
23-Apr-13	129
24-Apr-13	129.5
25-Apr-13	130
26-Apr-13	130.25
27-Apr-13	130.5
28-Apr-13	130.75
29-Apr-13	131
30-Apr-13	131.5
1-May-13	132
2-May-13	132.182
3-May-13	132.364
4-May-13	132.545
5-May-13	132.727
6-May-13	132.909
7-May-13	133.091
8-May-13	133.273
9-May-13	133.455
10-May-13	133.636
11-May-13	133.818
12-May-13	134
13-May-13	133.6
14-May-13	133.2
15-May-13	132.8
16-May-13	132.4
17-May-13	132
18-May-13	131
19-May-13	131.143
20-May-13	131.286
21-May-13	131.429
22-May-13	131.571
23-May-13	131.714
24-May-13	131.857
25-May-13	132
26-May-13	136.833
27-May-13	141.667
28-May-13	146.5
29-May-13	151.333
30-May-13	156.167
31-May-13	161
1-Jun-13	173
2-Jun-13	173.333
3-Jun-13	173.667
4-Jun-13	174
5-Jun-13	174.333
6-Jun-13	174.667
7-Jun-13	175
8-Jun-13	174.429
9-Jun-13	173.857
10-Jun-13	173.286
11-Jun-13	172.714
12-Jun-13	172.143
13-Jun-13	171.571
14-Jun-13	171
15-Jun-13	169
16-Jun-13	168.5
17-Jun-13	168
18-Jun-13	170
19-Jun-13	172
20-Jun-13	174
21-Jun-13	175
22-Jun-13	176
23-Jun-13	177
24-Jun-13	177.25
25-Jun-13	177.5
26-Jun-13	177.75
27-Jun-13	178
28-Jun-13	178.25
29-Jun-13	178.5
30-Jun-13	178.75
1-Jul-13	179
2-Jul-13	179.25
3-Jul-13	179.5
4-Jul-13	179.75
5-Jul-13	180
6-Jul-13	180.5
7-Jul-13	181
8-Jul-13	187
9-Jul-13	193
10-Jul-13	199
11-Jul-13	204
12-Jul-13	209
13-Jul-13	217
14-Jul-13	224
15-Jul-13	228
16-Jul-13	230
17-Jul-13	228
18-Jul-13	232
19-Jul-13	236
20-Jul-13	238
21-Jul-13	241
22-Jul-13	248
23-Jul-13	251
24-Jul-13	257
25-Jul-13	262
26-Jul-13	268
27-Jul-13	272
28-Jul-13	284
29-Jul-13	290
30-Jul-13	303
31-Jul-13	306
1-Aug-13	308
2-Aug-13	310
3-Aug-13	312
4-Aug-13	313
5-Aug-13	314
6-Aug-13	316
7-Aug-13	319
8-Aug-13	321
9-Aug-13	320.5
10-Aug-13	320
11-Aug-13	320.5
12-Aug-13	321
13-Aug-13	324
14-Aug-13	323
15-Aug-13	322
16-Aug-13	325
17-Aug-13	327
18-Aug-13	329
19-Aug-13	330
20-Aug-13	331
21-Aug-13	332
22-Aug-13	333
23-Aug-13	337
24-Aug-13	336
25-Aug-13	337
26-Aug-13	338
27-Aug-13	339
28-Aug-13	340
29-Aug-13	340.5
30-Aug-13	341
31-Aug-13	341.333
1-Sep-13	341.667
2-Sep-13	342
3-Sep-13	341.667
4-Sep-13	341.333
5-Sep-13	341
6-Sep-13	340
7-Sep-13	339.667
8-Sep-13	339.333
9-Sep-13	339
10-Sep-13	340
11-Sep-13	341
12-Sep-13	342
13-Sep-13	342.143
14-Sep-13	342.286
15-Sep-13	342.429
16-Sep-13	342.571
17-Sep-13	342.714
18-Sep-13	342.857
19-Sep-13	343
20-Sep-13	342.5
21-Sep-13	342
22-Sep-13	343
23-Sep-13	343.333
24-Sep-13	343.667
25-Sep-13	344
26-Sep-13	344.25
27-Sep-13	344.5
28-Sep-13	344.75
29-Sep-13	345
30-Sep-13	344.5
1-Oct-13	344
2-Oct-13	344.4
3-Oct-13	344.8
4-Oct-13	345.2
5-Oct-13	345.6
6-Oct-13	346
7-Oct-13	347
8-Oct-13	348
9-Oct-13	347.5
10-Oct-13	347
11-Oct-13	346.667
12-Oct-13	346.333
13-Oct-13	346
14-Oct-13	345.333
15-Oct-13	344.667
16-Oct-13	344
17-Oct-13	344.25
18-Oct-13	344.5
19-Oct-13	344.75
20-Oct-13	345
21-Oct-13	345.25
22-Oct-13	345.5
23-Oct-13	345.75
24-Oct-13	346
25-Oct-13	345
26-Oct-13	347
27-Oct-13	348
28-Oct-13	348.333
29-Oct-13	348.667
30-Oct-13	349
31-Oct-13	349.333
1-Nov-13	349.667
2-Nov-13	350
3-Nov-13	383.5
4-Nov-13	417
5-Nov-13	416
6-Nov-13	413
7-Nov-13	413.333
8-Nov-13	413.667
9-Nov-13	414
10-Nov-13	413
11-Nov-13	412
12-Nov-13	417
13-Nov-13	418.5
14-Nov-13	420
15-Nov-13	421
16-Nov-13	422
17-Nov-13	425
18-Nov-13	425.5
19-Nov-13	426
20-Nov-13	426.333
21-Nov-13	426.667
22-Nov-13	427
23-Nov-13	426.333
24-Nov-13	425.667
25-Nov-13	425
26-Nov-13	427
27-Nov-13	540.5
28-Nov-13	654
29-Nov-13	655
30-Nov-13	653.333
1-Dec-13	651.667
2-Dec-13	650
3-Dec-13	642
4-Dec-13	641
5-Dec-13	640
6-Dec-13	639
7-Dec-13	640
8-Dec-13	641
9-Dec-13	643
10-Dec-13	641
11-Dec-13	640.714
12-Dec-13	640.429
13-Dec-13	640.143
14-Dec-13	639.857
15-Dec-13	639.571
16-Dec-13	639.286
17-Dec-13	639
18-Dec-13	647.167
19-Dec-13	655.333
20-Dec-13	663.5
21-Dec-13	671.667
22-Dec-13	679.833
23-Dec-13	688
24-Dec-13	691.429
25-Dec-13	694.857
26-Dec-13	698.286
27-Dec-13	701.714
28-Dec-13	705.143
29-Dec-13	708.571
30-Dec-13	712
31-Dec-13	713
1-Jan-14	714
2-Jan-14	715
3-Jan-14	716
4-Jan-14	717
5-Jan-14	718
6-Jan-14	718.5
7-Jan-14	719
8-Jan-14	719.5
9-Jan-14	720
10-Jan-14	721
11-Jan-14	722
12-Jan-14	723
13-Jan-14	724
14-Jan-14	728.5
15-Jan-14	733
16-Jan-14	735
17-Jan-14	734
18-Jan-14	733.667
19-Jan-14	733.333
20-Jan-14	733
21-Jan-14	734.833
22-Jan-14	736.667
23-Jan-14	738.5
24-Jan-14	740.333
25-Jan-14	742.167
26-Jan-14	744
27-Jan-14	745
28-Jan-14	746
29-Jan-14	747
30-Jan-14	748
31-Jan-14	750
1-Feb-14	753.5
2-Feb-14	757
3-Feb-14	758.167
4-Feb-14	759.333
5-Feb-14	760.5
6-Feb-14	761.667
7-Feb-14	762.833
8-Feb-14	764
9-Feb-14	766
10-Feb-14	768
11-Feb-14	769.429
12-Feb-14	770.857
13-Feb-14	772.286
14-Feb-14	773.714
15-Feb-14	775.143
16-Feb-14	776.571
17-Feb-14	778
18-Feb-14	779.4
19-Feb-14	780.8
20-Feb-14	782.2
21-Feb-14	783.6
22-Feb-14	785
23-Feb-14	788.5
24-Feb-14	792
25-Feb-14	794.75
26-Feb-14	797.5
27-Feb-14	800.25
28-Feb-14	803
1-Mar-14	806.333
2-Mar-14	809.667
3-Mar-14	813
4-Mar-14	814.429
5-Mar-14	815.857
6-Mar-14	817.286
7-Mar-14	818.714
8-Mar-14	820.143
9-Mar-14	821.571
10-Mar-14	823
11-Mar-14	828
12-Mar-14	833
13-Mar-14	834
14-Mar-14	839.75
15-Mar-14	845.5
16-Mar-14	851.25
17-Mar-14	857
18-Mar-14	862
19-Mar-14	867
20-Mar-14	872
21-Mar-14	877
22-Mar-14	882
23-Mar-14	887
24-Mar-14	892
25-Mar-14	899.25
26-Mar-14	906.5
27-Mar-14	913.75
28-Mar-14	921
29-Mar-14	927
30-Mar-14	933
31-Mar-14	939
1-Apr-14	944
2-Apr-14	949
3-Apr-14	954
4-Apr-14	959
5-Apr-14	964
6-Apr-14	972.5
7-Apr-14	981
8-Apr-14	985.5
9-Apr-14	990
10-Apr-14	992.5
11-Apr-14	995
12-Apr-14	999
13-Apr-14	1003
14-Apr-14	1009
15-Apr-14	1011
16-Apr-14	1013
17-Apr-14	1017
18-Apr-14	1021
19-Apr-14	1025
20-Apr-14	1029
21-Apr-14	1033
22-Apr-14	1042
23-Apr-14	1045
24-Apr-14	1055
25-Apr-14	1057.5
26-Apr-14	1060
27-Apr-14	1070
28-Apr-14	1076
29-Apr-14	1077.5
30-Apr-14	1079
1-May-14	1084.5
2-May-14	1090
3-May-14	1095.5
4-May-14	1101
5-May-14	1110
6-May-14	1117.5
7-May-14	1125
8-May-14	1126
9-May-14	1133
10-May-14	1137.5
11-May-14	1142
12-May-14	1145
13-May-14	1148
14-May-14	1154
15-May-14	1160
16-May-14	1166
17-May-14	1167
18-May-14	1168
19-May-14	1171
20-May-14	1174
21-May-14	1175
22-May-14	1178
23-May-14	1180
24-May-14	1182
25-May-14	1189
26-May-14	1190
27-May-14	1193
28-May-14	1197
29-May-14	1201
30-May-14	1203.5
31-May-14	1206
1-Jun-14	1208
2-Jun-14	1216
3-Jun-14	1220
4-Jun-14	1226
5-Jun-14	1232
6-Jun-14	1236
7-Jun-14	1239
8-Jun-14	1247
9-Jun-14	1254
10-Jun-14	1258
11-Jun-14	1263
12-Jun-14	1266
13-Jun-14	1278
14-Jun-14	1284
15-Jun-14	1292
16-Jun-14	1276
17-Jun-14	1300
18-Jun-14	1302
19-Jun-14	1305
20-Jun-14	1309
21-Jun-14	1310
22-Jun-14	1314
23-Jun-14	1320
24-Jun-14	1325
25-Jun-14	1326
26-Jun-14	1315
27-Jun-14	1323
28-Jun-14	1328
29-Jun-14	1335
30-Jun-14	1340
1-Jul-14	1345
2-Jul-14	1351
3-Jul-14	1355
4-Jul-14	1356
5-Jul-14	1362
6-Jul-14	1366
7-Jul-14	1373
8-Jul-14	1381
9-Jul-14	1387
10-Jul-14	1394
11-Jul-14	1395
12-Jul-14	1397
13-Jul-14	1401
14-Jul-14	1407
15-Jul-14	1413
16-Jul-14	1427
17-Jul-14	1430
18-Jul-14	1437
19-Jul-14	1446
20-Jul-14	1457
21-Jul-14	1461
22-Jul-14	1465
23-Jul-14	1470
24-Jul-14	1472
25-Jul-14	1470
26-Jul-14	1472
27-Jul-14	1473
28-Jul-14	1480
29-Jul-14	1482
30-Jul-14	1487
31-Jul-14	1490
1-Aug-14	1491
2-Aug-14	1492
3-Aug-14	1498
4-Aug-14	1497
5-Aug-14	1502
6-Aug-14	1503
7-Aug-14	1511
8-Aug-14	1512
9-Aug-14	1521
10-Aug-14	1524
11-Aug-14	1526
12-Aug-14	1529
13-Aug-14	1530
14-Aug-14	1534
15-Aug-14	1535
16-Aug-14	1537
17-Aug-14	1538
18-Aug-14	1546
19-Aug-14	1552
20-Aug-14	1554
21-Aug-14	1559
22-Aug-14	1558
23-Aug-14	1556
24-Aug-14	1560
25-Aug-14	1563
26-Aug-14	1565
27-Aug-14	1568
28-Aug-14	1571
29-Aug-14	1573
30-Aug-14	1580
31-Aug-14	1581
1-Sep-14	1584
2-Sep-14	1588
3-Sep-14	1593
4-Sep-14	1597
5-Sep-14	1602
6-Sep-14	1603
7-Sep-14	1609
8-Sep-14	1610
9-Sep-14	1612
10-Sep-14	1611
11-Sep-14	1614
12-Sep-14	1612
13-Sep-14	1613
14-Sep-14	1615
15-Sep-14	1614
16-Sep-14	1615
17-Sep-14	1616
18-Sep-14	1617
19-Sep-14	1616
20-Sep-14	1618
21-Sep-14	1616
22-Sep-14	1620
23-Sep-14	1620.5
24-Sep-14	1621
25-Sep-14	1623
26-Sep-14	1624
27-Sep-14	1625
28-Sep-14	1630
29-Sep-14	1631
30-Sep-14	1632
1-Oct-14	1633
2-Oct-14	1635
3-Oct-14	1636
4-Oct-14	1637
5-Oct-14	1640
6-Oct-14	1643
7-Oct-14	1646
8-Oct-14	1648
9-Oct-14	1650.5
10-Oct-14	1653
11-Oct-14	1655.5
12-Oct-14	1658
13-Oct-14	1656
14-Oct-14	1658
15-Oct-14	1659
16-Oct-14	1661
17-Oct-14	1663
18-Oct-14	1665
19-Oct-14	1668
20-Oct-14	1669
21-Oct-14	1668
22-Oct-14	1667
23-Oct-14	1669
24-Oct-14	1668
25-Oct-14	1669
26-Oct-14	1670
27-Oct-14	1671
28-Oct-14	1672
29-Oct-14	1675
30-Oct-14	1674
31-Oct-14	1673
1-Nov-14	1674
2-Nov-14	1677
3-Nov-14	1680
4-Nov-14	1681
5-Nov-14	1685
6-Nov-14	1685.5
7-Nov-14	1686
8-Nov-14	1688
9-Nov-14	1690
10-Nov-14	1693
11-Nov-14	1691
12-Nov-14	1690
13-Nov-14	1689.5
14-Nov-14	1689
15-Nov-14	1688
16-Nov-14	1689
17-Nov-14	1692
18-Nov-14	1693.5
19-Nov-14	1695
20-Nov-14	1695.5
21-Nov-14	1696
22-Nov-14	1698
23-Nov-14	1697
24-Nov-14	1699
25-Nov-14	1701
26-Nov-14	1700
27-Nov-14	1699
28-Nov-14	1698
29-Nov-14	1701
30-Nov-14	1704
1-Dec-14	1709
2-Dec-14	1706
3-Dec-14	1708
4-Dec-14	1709
5-Dec-14	1710
6-Dec-14	1712
7-Dec-14	1713
8-Dec-14	1719
9-Dec-14	1719.5
10-Dec-14	1720
11-Dec-14	1720.5
12-Dec-14	1721
13-Dec-14	1725
14-Dec-14	1727
15-Dec-14	1729
16-Dec-14	1730
17-Dec-14	1731
18-Dec-14	1735
19-Dec-14	1736.5
20-Dec-14	1738
21-Dec-14	1740
22-Dec-14	1741.5
23-Dec-14	1743
24-Dec-14	1745
25-Dec-14	1746
26-Dec-14	1745.5
27-Dec-14	1745
28-Dec-14	1747
29-Dec-14	1745
30-Dec-14	1746
31-Dec-14	1751
1-Jan-15	1753
2-Jan-15	1760
3-Jan-15	1761
4-Jan-15	1765
5-Jan-15	1767
6-Jan-15	1770
7-Jan-15	1775
8-Jan-15	1776
9-Jan-15	1778
10-Jan-15	1779
11-Jan-15	1780
12-Jan-15	1781
13-Jan-15	1784
14-Jan-15	1785
15-Jan-15	1786
16-Jan-15	1787
17-Jan-15	1789
18-Jan-15	1791
19-Jan-15	1790
20-Jan-15	1791
21-Jan-15	1793
22-Jan-15	1794
23-Jan-15	1795
24-Jan-15	1796
25-Jan-15	1795
26-Jan-15	1795.5
27-Jan-15	1796
28-Jan-15	1797
29-Jan-15	1798
30-Jan-15	1798.5
31-Jan-15	1799
1-Feb-15	1799.5
2-Feb-15	1800
3-Feb-15	1802
4-Feb-15	1808
5-Feb-15	1810
6-Feb-15	1809
7-Feb-15	1808
8-Feb-15	1810
9-Feb-15	1812000
10-Feb-15	1807
11-Feb-15	1806.667
12-Feb-15	1806.333
13-Feb-15	1806
14-Feb-15	1808
15-Feb-15	1811
16-Feb-15	1811.5
17-Feb-15	1812
18-Feb-15	1814
19-Feb-15	1815
20-Feb-15	1816
21-Feb-15	1820
22-Feb-15	1821
23-Feb-15	1822
24-Feb-15	1823
25-Feb-15	1824
26-Feb-15	1826
27-Feb-15	1827.5
28-Feb-15	1829
1-Mar-15	1830
2-Mar-15	1831
3-Mar-15	1836
4-Mar-15	1841
5-Mar-15	1845
6-Mar-15	1850
7-Mar-15	1852
8-Mar-15	1855
9-Mar-15	1863
10-Mar-15	1865
11-Mar-15	1865.5
12-Mar-15	1866
13-Mar-15	1868
14-Mar-15	1868.5
15-Mar-15	1869
16-Mar-15	1874
17-Mar-15	1878
18-Mar-15	1881
19-Mar-15	1883
20-Mar-15	1884
21-Mar-15	1887
22-Mar-15	1886
23-Mar-15	1885
24-Mar-15	1884
25-Mar-15	1885
26-Mar-15	1886
27-Mar-15	1888
28-Mar-15	1891
29-Mar-15	1893
30-Mar-15	1897
31-Mar-15	1898
1-Apr-15	1903
2-Apr-15	1904
3-Apr-15	1905
4-Apr-15	1907
5-Apr-15	1914
6-Apr-15	1914.5
7-Apr-15	1915
8-Apr-15	1919
9-Apr-15	1926
10-Apr-15	1930
11-Apr-15	1937
12-Apr-15	1950
13-Apr-15	1951
14-Apr-15	1952
15-Apr-15	1958
16-Apr-15	1990
17-Apr-15	2014
18-Apr-15	2024
19-Apr-15	2029.5
20-Apr-15	2035
21-Apr-15	2034
22-Apr-15	2040
23-Apr-15	2043
24-Apr-15	2050
25-Apr-15	2056
26-Apr-15	2075
27-Apr-15	2074
28-Apr-15	2080
29-Apr-15	2082.5
30-Apr-15	2085
1-May-15	2086
2-May-15	2088
3-May-15	2093
4-May-15	2097
5-May-15	2102
6-May-15	2103
7-May-15	2104
8-May-15	2105
9-May-15	2112
10-May-15	2117
11-May-15	2119
12-May-15	2124
13-May-15	2127
14-May-15	2134
15-May-15	2137
16-May-15	2140
17-May-15	2144
18-May-15	2147
19-May-15	2149
20-May-15	2152
21-May-15	2153
22-May-15	2154
23-May-15	2163
24-May-15	2163.5
25-May-15	2164
26-May-15	2166
27-May-15	2165
28-May-15	2164
29-May-15	2168.5
30-May-15	2173
31-May-15	2178.5
1-Jun-15	2184
2-Jun-15	2187
3-Jun-15	2190
4-Jun-15	2196
5-Jun-15	2207
6-Jun-15	2208
7-Jun-15	2213
8-Jun-15	2380
9-Jun-15	2432
10-Jun-15	2451
11-Jun-15	2454
12-Jun-15	2464
13-Jun-15	2515
14-Jun-15	2544
15-Jun-15	2559
16-Jun-15	2565
17-Jun-15	2586.5
18-Jun-15	2608
19-Jun-15	2634
20-Jun-15	2639
21-Jun-15	2665
22-Jun-15	2684
23-Jun-15	2686
24-Jun-15	2714
25-Jun-15	2734
26-Jun-15	2735
27-Jun-15	2744
28-Jun-15	2768
29-Jun-15	2796
30-Jun-15	2799
1-Jul-15	2815
2-Jul-15	2857
3-Jul-15	2876
4-Jul-15	2884
5-Jul-15	2885
6-Jul-15	2899
7-Jul-15	2941
8-Jul-15	2946
9-Jul-15	2983
10-Jul-15	3011
11-Jul-15	3020
12-Jul-15	3049
13-Jul-15	3090
14-Jul-15	3133
15-Jul-15	3173
16-Jul-15	3211
17-Jul-15	3254
18-Jul-15	3290
19-Jul-15	3335
20-Jul-15	3382
21-Jul-15	3515
22-Jul-15	3574
23-Jul-15	3627
24-Jul-15	3650
25-Jul-15	3684
26-Jul-15	3744
27-Jul-15	3848
28-Jul-15	3929
29-Jul-15	4012
30-Jul-15	4125
31-Jul-15	4188
1-Aug-15	4273
2-Aug-15	4335
3-Aug-15	4384
4-Aug-15	4483
5-Aug-15	4559
6-Aug-15	4626
7-Aug-15	4727
8-Aug-15	4812
9-Aug-15	4903
10-Aug-15	4921
11-Aug-15	4957
12-Aug-15	5083
13-Aug-15	5168
14-Aug-15	5300
15-Aug-15	5335
16-Aug-15	5464
17-Aug-15	5589
18-Aug-15	5625
19-Aug-15	5783
20-Aug-15	5879
21-Aug-15	5936
22-Aug-15	6022
23-Aug-15	6077
24-Aug-15	6155
25-Aug-15	6206
26-Aug-15	6298
27-Aug-15	6323
28-Aug-15	6383
29-Aug-15	6462
30-Aug-15	6492
31-Aug-15	6558
1-Sep-15	6598
2-Sep-15	6641
3-Sep-15	6688
4-Sep-15	6742
5-Sep-15	6787
6-Sep-15	6840
7-Sep-15	6893
8-Sep-15	6944
9-Sep-15	7009
10-Sep-15	7032
11-Sep-15	7074
12-Sep-15	7123
13-Sep-15	7200
14-Sep-15	7320
15-Sep-15	7417
16-Sep-15	7508
17-Sep-15	7560
18-Sep-15	7604
19-Sep-15	7710
20-Sep-15	7763
21-Sep-15	7873
22-Sep-15	7942
23-Sep-15	8019
24-Sep-15	8098
25-Sep-15	8150
26-Sep-15	8244
27-Sep-15	8320
28-Sep-15	8384
29-Sep-15	8445
30-Sep-15	8507
1-Oct-15	8569
2-Oct-15	8600
3-Oct-15	8671
4-Oct-15	8734
5-Oct-15	8791
6-Oct-15	8850
7-Oct-15	8901
8-Oct-15	8966
9-Oct-15	9027
10-Oct-15	9097
11-Oct-15	9183
12-Oct-15	9252
13-Oct-15	9312
14-Oct-15	9366
15-Oct-15	9418
16-Oct-15	9475
17-Oct-15	9525
18-Oct-15	9576
19-Oct-15	9636
20-Oct-15	9699
21-Oct-15	9751
22-Oct-15	9787
23-Oct-15	9828
24-Oct-15	9877
25-Oct-15	9926
26-Oct-15	9980
27-Oct-15	10055
28-Oct-15	10103
29-Oct-15	10141
30-Oct-15	10194
31-Oct-15	10237
1-Nov-15	10291
2-Nov-15	10340
3-Nov-15	10367
4-Nov-15	10403
5-Nov-15	10435
6-Nov-15	10467
7-Nov-15	10533
8-Nov-15	10569
9-Nov-15	10597
10-Nov-15	10625
11-Nov-15	10666
12-Nov-15	10693
13-Nov-15	10721
14-Nov-15	10801
15-Nov-15	10869
16-Nov-15	10938
17-Nov-15	10997
18-Nov-15	11062
19-Nov-15	11096
20-Nov-15	11190
21-Nov-15	11283
22-Nov-15	11435
23-Nov-15	11610
24-Nov-15	11718
25-Nov-15	11833
26-Nov-15	12030
27-Nov-15	12189
28-Nov-15	12462
29-Nov-15	12598
30-Nov-15	12731
1-Dec-15	12850
2-Dec-15	12988
3-Dec-15	13080
4-Dec-15	13168
5-Dec-15	13282
6-Dec-15	13418
7-Dec-15	13512
8-Dec-15	13585
9-Dec-15	13720
10-Dec-15	13829
11-Dec-15	13952
12-Dec-15	14079
13-Dec-15	14163
14-Dec-15	14226
15-Dec-15	14287
16-Dec-15	14327
17-Dec-15	14388
18-Dec-15	14452
19-Dec-15	14513
20-Dec-15	14613
21-Dec-15	14675
22-Dec-15	14782
23-Dec-15	14894
24-Dec-15	15020
25-Dec-15	15083
26-Dec-15	15136
27-Dec-15	15197
28-Dec-15	15258
29-Dec-15	15325
30-Dec-15	15433
31-Dec-15	15524
1-Jan-16	15610
2-Jan-16	15706
3-Jan-16	15795
4-Jan-16	15856
5-Jan-16	15919
6-Jan-16	15986
7-Jan-16	16052
8-Jan-16	16111
9-Jan-16	16215
10-Jan-16	16295
11-Jan-16	16378
12-Jan-16	16445
13-Jan-16	16533
14-Jan-16	16609
15-Jan-16	16673
16-Jan-16	16755
17-Jan-16	16846
18-Jan-16	16909
19-Jan-16	16953
20-Jan-16	17022
21-Jan-16	17077
22-Jan-16	17154
23-Jan-16	17233
24-Jan-16	17318
25-Jan-16	17367
26-Jan-16	17421
27-Jan-16	17481
28-Jan-16	17527
29-Jan-16	17601
30-Jan-16	17694
31-Jan-16	17781
1-Feb-16	17826
2-Feb-16	17953
3-Feb-16	18013
4-Feb-16	18068
5-Feb-16	18128
6-Feb-16	18204
7-Feb-16	18295
8-Feb-16	18361
9-Feb-16	18418
10-Feb-16	18491
11-Feb-16	18521
12-Feb-16	18622
13-Feb-16	18692
14-Feb-16	18807
15-Feb-16	18849
16-Feb-16	18962
17-Feb-16	18868
18-Feb-16	18937
19-Feb-16	18984
20-Feb-16	19022
21-Feb-16	19084
22-Feb-16	19113
23-Feb-16	19147
24-Feb-16	19243
25-Feb-16	19265
26-Feb-16	19344
27-Feb-16	19432
28-Feb-16	19490
29-Feb-16	19516
1-Mar-16	19599
2-Mar-16	19667
3-Mar-16	19690
4-Mar-16	19789
5-Mar-16	19861
6-Mar-16	19949
7-Mar-16	20020
8-Mar-16	20045
9-Mar-16	20111
10-Mar-16	20198
11-Mar-16	20210
12-Mar-16	20280
13-Mar-16	20329
14-Mar-16	20408
15-Mar-16	20464
16-Mar-16	20490
17-Mar-16	20536
18-Mar-16	20570
19-Mar-16	20652
20-Mar-16	20709
21-Mar-16	20777
22-Mar-16	20826
23-Mar-16	20897
24-Mar-16	20957
25-Mar-16	21016
26-Mar-16	21075
27-Mar-16	21113
28-Mar-16	21165
29-Mar-16	21233
30-Mar-16	21291
31-Mar-16	21352
1-Apr-16	21418
2-Apr-16	21487
3-Apr-16	21543
4-Apr-16	21585
5-Apr-16	21682
6-Apr-16	21787
7-Apr-16	22014
8-Apr-16	22458
9-Apr-16	22781
10-Apr-16	23096
11-Apr-16	23395
12-Apr-16	23697
13-Apr-16	23999
14-Apr-16	24215
15-Apr-16	24376
16-Apr-16	24614
17-Apr-16	24808
18-Apr-16	24990
19-Apr-16	25179
20-Apr-16	25341
21-Apr-16	25496
22-Apr-16	25606
23-Apr-16	25910
24-Apr-16	26199
25-Apr-16	26333
26-Apr-16	26535
27-Apr-16	26758
28-Apr-16	26920
29-Apr-16	27117
30-Apr-16	27377
1-May-16	27616
2-May-16	28052
3-May-16	28247
4-May-16	28428
5-May-16	28610
6-May-16	28940
7-May-16	29948
8-May-16	30421
9-May-16	30693
10-May-16	31017
11-May-16	31270
12-May-16	31455
13-May-16	31681
14-May-16	32025
15-May-16	32492
16-May-16	32833
17-May-16	33541
18-May-16	33933
19-May-16	34295
20-May-16	34618
21-May-16	35410
22-May-16	36745
23-May-16	37516
24-May-16	38090
25-May-16	38539
26-May-16	39004
27-May-16	40370
28-May-16	41347
29-May-16	41910
30-May-16	42568
31-May-16	43240
1-Jun-16	43806
2-Jun-16	44353
3-Jun-16	44937
4-Jun-16	45819
5-Jun-16	46423
6-Jun-16	46927
7-Jun-16	47418
8-Jun-16	48171
9-Jun-16	49015
10-Jun-16	49554
11-Jun-16	50346
12-Jun-16	51388
13-Jun-16	52352
14-Jun-16	53614
15-Jun-16	54428
16-Jun-16	56207
17-Jun-16	57019
18-Jun-16	57837
19-Jun-16	58985
20-Jun-16	59948
21-Jun-16	60855
22-Jun-16	62306
23-Jun-16	63831
24-Jun-16	64718
25-Jun-16	67999
26-Jun-16	69613
27-Jun-16	73878
28-Jun-16	73217
29-Jun-16	76805
30-Jun-16	81039
1-Jul-16	84742
2-Jul-16	86908
3-Jul-16	90232
4-Jul-16	92487
5-Jul-16	95141
6-Jul-16	97113
7-Jul-16	100042
8-Jul-16	102371
9-Jul-16	105645
10-Jul-16	107394
11-Jul-16	110444
12-Jul-16	114252
13-Jul-16	116428
14-Jul-16	119473
15-Jul-16	122505
16-Jul-16	124372
17-Jul-16	126564
18-Jul-16	128519
19-Jul-16	132033
20-Jul-16	134132
21-Jul-16	136498
22-Jul-16	138495
23-Jul-16	139739
24-Jul-16	140896
25-Jul-16	142881
26-Jul-16	144444
27-Jul-16	146705
28-Jul-16	148109
29-Jul-16	150301
30-Jul-16	151633
31-Jul-16	153101
1-Aug-16	154343
2-Aug-16	155458
3-Aug-16	156133
4-Aug-16	157196
5-Aug-16	157960
6-Aug-16	158522
7-Aug-16	159218
8-Aug-16	160046
9-Aug-16	161105
10-Aug-16	162591
11-Aug-16	164027
12-Aug-16	165231
13-Aug-16	166190
14-Aug-16	167273
15-Aug-16	168266
16-Aug-16	169374
17-Aug-16	170491
18-Aug-16	171396
19-Aug-16	172245
20-Aug-16	173059
21-Aug-16	173665
22-Aug-16	174631
23-Aug-16	175530
24-Aug-16	176282
25-Aug-16	176805
26-Aug-16	177398
27-Aug-16	178058
28-Aug-16	178647
29-Aug-16	179071
30-Aug-16	179529
31-Aug-16	179957
1-Sep-16	180250
2-Sep-16	180646
3-Sep-16	181189
4-Sep-16	182139
5-Sep-16	182972
6-Sep-16	183459
7-Sep-16	184306
8-Sep-16	184589
9-Sep-16	185026
10-Sep-16	185623
11-Sep-16	186275
12-Sep-16	186872
13-Sep-16	187481
14-Sep-16	188263
15-Sep-16	189277
16-Sep-16	190302
17-Sep-16	191363
18-Sep-16	192396
19-Sep-16	192950
20-Sep-16	193872
21-Sep-16	194462
22-Sep-16	195286
23-Sep-16	196218
24-Sep-16	197495
25-Sep-16	199646
26-Sep-16	200910
27-Sep-16	202335
28-Sep-16	203256
29-Sep-16	203909
30-Sep-16	204491
1-Oct-16	205210
2-Oct-16	206013
3-Oct-16	206833
4-Oct-16	207463
5-Oct-16	207962
6-Oct-16	208656
7-Oct-16	209273
8-Oct-16	209988
9-Oct-16	211008
10-Oct-16	211884
11-Oct-16	212530
12-Oct-16	213150
13-Oct-16	213591
14-Oct-16	214054
15-Oct-16	215326
16-Oct-16	216077
17-Oct-16	216594
18-Oct-16	216838
19-Oct-16	217243
20-Oct-16	217991
21-Oct-16	218682
22-Oct-16	219354
23-Oct-16	220097
24-Oct-16	221133
25-Oct-16	224339
26-Oct-16	227291
27-Oct-16	234887
28-Oct-16	245738
29-Oct-16	256641
30-Oct-16	268298
31-Oct-16	271592
1-Nov-16	273830
2-Nov-16	275486
3-Nov-16	277621
4-Nov-16	280778
5-Nov-16	285077
6-Nov-16	305916
7-Nov-16	310375
8-Nov-16	315596
9-Nov-16	317114
10-Nov-16	318344
11-Nov-16	319801
12-Nov-16	322709
13-Nov-16	341825
14-Nov-16	352659
15-Nov-16	358717
16-Nov-16	365094
17-Nov-16	366599
18-Nov-16	375520
19-Nov-16	379735
20-Nov-16	381627
21-Nov-16	386180
22-Nov-16	389252
23-Nov-16	390718
24-Nov-16	392254
25-Nov-16	393935
26-Nov-16	395480
27-Nov-16	396402
28-Nov-16	397044
29-Nov-16	398184
30-Nov-16	400885
1-Dec-16	402347
2-Dec-16	403292
3-Dec-16	404113
4-Dec-16	406360
5-Dec-16	408261
6-Dec-16	409376
7-Dec-16	410259
8-Dec-16	411164
9-Dec-16	413113
10-Dec-16	416475
11-Dec-16	419720
12-Dec-16	423408
13-Dec-16	425058
14-Dec-16	426340
15-Dec-16	427864
16-Dec-16	429005
17-Dec-16	431402
18-Dec-16	434507
19-Dec-16	437926
20-Dec-16	440752
21-Dec-16	442844
22-Dec-16	445053
23-Dec-16	446749
24-Dec-16	448219
25-Dec-16	449783
26-Dec-16	451513
27-Dec-16	453454
28-Dec-16	455188
29-Dec-16	457108
30-Dec-16	459540
31-Dec-16	462587
1-Jan-17	465577
2-Jan-17	470482
3-Jan-17	475306
4-Jan-17	481703
5-Jan-17	487851
6-Jan-17	492535
7-Jan-17	496828
8-Jan-17	506260
9-Jan-17	538185
10-Jan-17	564890
11-Jan-17	575107
12-Jan-17	583661
13-Jan-17	590791
14-Jan-17	599067
15-Jan-17	606341
16-Jan-17	611804
17-Jan-17	615171
18-Jan-17	619787
19-Jan-17	623507
20-Jan-17	626867
21-Jan-17	630861
22-Jan-17	634516
23-Jan-17	637821
24-Jan-17	640547
25-Jan-17	643772
26-Jan-17	646856
27-Jan-17	650441
28-Jan-17	653796
29-Jan-17	656489
30-Jan-17	658004
31-Jan-17	659257
1-Feb-17	660572
2-Feb-17	661993
3-Feb-17	662710
4-Feb-17	664280
5-Feb-17	666673
6-Feb-17	668474
7-Feb-17	670110
8-Feb-17	671681
9-Feb-17	673108
10-Feb-17	674287
11-Feb-17	676550
12-Feb-17	679131
13-Feb-17	680790
14-Feb-17	682459
15-Feb-17	682959
16-Feb-17	683485
17-Feb-17	684813
18-Feb-17	687032
19-Feb-17	691131
20-Feb-17	698292
21-Feb-17	703467
22-Feb-17	712411
23-Feb-17	717808
24-Feb-17	721996
25-Feb-17	726783
26-Feb-17	732181
27-Feb-17	735220
28-Feb-17	737854
1-Mar-17	740194
2-Mar-17	741965
3-Mar-17	743533
4-Mar-17	745594
5-Mar-17	747219
6-Mar-17	749078
7-Mar-17	751430
8-Mar-17	752716
9-Mar-17	754467
10-Mar-17	756834
11-Mar-17	762539
12-Mar-17	773024
13-Mar-17	781473
14-Mar-17	787306
15-Mar-17	791851
16-Mar-17	795463
17-Mar-17	798145
18-Mar-17	800304
19-Mar-17	802186
20-Mar-17	803483
21-Mar-17	804327
22-Mar-17	805740
23-Mar-17	807165
24-Mar-17	809580
25-Mar-17	813639
26-Mar-17	817236
27-Mar-17	820322
28-Mar-17	823597
29-Mar-17	828334
30-Mar-17	832409
31-Mar-17	841093
1-Apr-17	852108
2-Apr-17	862855
3-Apr-17	868614
4-Apr-17	871481
5-Apr-17	880027
6-Apr-17	887338
7-Apr-17	891649
8-Apr-17	896886
9-Apr-17	903400
10-Apr-17	907309
11-Apr-17	911407
12-Apr-17	915840
13-Apr-17	918998
14-Apr-17	922238
15-Apr-17	925724
16-Apr-17	929871
17-Apr-17	933725
18-Apr-17	938866
19-Apr-17	940909
20-Apr-17	943990
21-Apr-17	946941
22-Apr-17	951337
23-Apr-17	954525
24-Apr-17	957049
25-Apr-17	959056
26-Apr-17	960689
27-Apr-17	962469
28-Apr-17	963717
29-Apr-17	965113
30-Apr-17	967334
1-May-17	969646
2-May-17	971360
3-May-17	974309
4-May-17	979402
5-May-17	989925
6-May-17	1045327
7-May-17	1054716
8-May-17	1061963
9-May-17	1068473
10-May-17	1076748
11-May-17	1084617
12-May-17	1092620
13-May-17	1113107
14-May-17	1145816
15-May-17	1152940
16-May-17	1159100
17-May-17	1165905
18-May-17	1171216
19-May-17	1177254
20-May-17	1184932
21-May-17	1191653
22-May-17	1196298
23-May-17	1199541
24-May-17	1202656
25-May-17	1204214
26-May-17	1206373
27-May-17	1218273
28-May-17	1221002
29-May-17	1222574
30-May-17	1223672
31-May-17	1225042
1-Jun-17	1226527
2-Jun-17	1227627
3-Jun-17	1228850
4-Jun-17	1230647
5-Jun-17	1232600
6-Jun-17	1234339
7-Jun-17	1235612
8-Jun-17	1237100
9-Jun-17	1238727
10-Jun-17	1240322
11-Jun-17	1241731
12-Jun-17	1242720
13-Jun-17	1244076
14-Jun-17	1245769
15-Jun-17	1247688
16-Jun-17	1250242
17-Jun-17	1253280
18-Jun-17	1257992
19-Jun-17	1262604
20-Jun-17	1266813
21-Jun-17	1272147
22-Jun-17	1277041
23-Jun-17	1282413
24-Jun-17	1288410
25-Jun-17	1293657
26-Jun-17	1302140
27-Jun-17	1309995
28-Jun-17	1317367
29-Jun-17	1323182
30-Jun-17	1328946
1-Jul-17	1333617
2-Jul-17	1339157
3-Jul-17	1342025
4-Jul-17	1345553
5-Jul-17	1348994
6-Jul-17	1352403
7-Jul-17	1354892
8-Jul-17	1356997
9-Jul-17	1358495
10-Jul-17	1360613
11-Jul-17	1362613
12-Jul-17	1364499
13-Jul-17	1366452
14-Jul-17	1368212
15-Jul-17	1370246
16-Jul-17	1372091
17-Jul-17	1374773
18-Jul-17	1377753
19-Jul-17	1380104
20-Jul-17	1382715
21-Jul-17	1385135
22-Jul-17	1387721
23-Jul-17	1390256
24-Jul-17	1392896
25-Jul-17	1395553
26-Jul-17	1397792
27-Jul-17	1399758
28-Jul-17	1401743
29-Jul-17	1403861
30-Jul-17	1405988
31-Jul-17	1401945
1-Aug-17	1406060
2-Aug-17	1413804
3-Aug-17	1416317
4-Aug-17	1419357
5-Aug-17	1422026
6-Aug-17	1424578
7-Aug-17	1427567
8-Aug-17	1430666
9-Aug-17	1433632
10-Aug-17	1435548
11-Aug-17	1437728
12-Aug-17	1439843
13-Aug-17	1441955
14-Aug-17	1446311
15-Aug-17	1455149
16-Aug-17	1469358
17-Aug-17	1483469
18-Aug-17	1497209
19-Aug-17	1514718
20-Aug-17	1530529
21-Aug-17	1550041
22-Aug-17	1560836
23-Aug-17	1581297
24-Aug-17	1614083
25-Aug-17	1631400
26-Aug-17	1645542
27-Aug-17	1657742
28-Aug-17	1667184
29-Aug-17	1675555
30-Aug-17	1681105
31-Aug-17	1684821
1-Sep-17	1687838
2-Sep-17	1690181
3-Sep-17	1692389
4-Sep-17	1694704
5-Sep-17	1696311
6-Sep-17	1697528
7-Sep-17	1699179
8-Sep-17	1700921
9-Sep-17	1703020
10-Sep-17	1704950
11-Sep-17	1706092
12-Sep-17	1707310
13-Sep-17	1708334
14-Sep-17	1709421
15-Sep-17	1710556
16-Sep-17	1712212
17-Sep-17	1713890
18-Sep-17	1715377
19-Sep-17	1716770
20-Sep-17	1717842
21-Sep-17	1719118
22-Sep-17	1720535
23-Sep-17	1722725
24-Sep-17	1724594
25-Sep-17	1726084
26-Sep-17	1726865
27-Sep-17	1727936
28-Sep-17	1728951
29-Sep-17	1730159
30-Sep-17	1731821
1-Oct-17	1733102
2-Oct-17	1735042
3-Oct-17	1736496
4-Oct-17	1737398
5-Oct-17	1738286
6-Oct-17	1739928
7-Oct-17	1743145
8-Oct-17	1746190
9-Oct-17	1748187
10-Oct-17	1749638
11-Oct-17	1750978
12-Oct-17	1752048
13-Oct-17	1753403
14-Oct-17	1757237
15-Oct-17	1759984
16-Oct-17	1762380
17-Oct-17	1764510
18-Oct-17	1766762
19-Oct-17	1769148
20-Oct-17	1772130
21-Oct-17	1777577
22-Oct-17	1783851
23-Oct-17	1787814
24-Oct-17	1791783
25-Oct-17	1796317
26-Oct-17	1799454
27-Oct-17	1802741
28-Oct-17	1806031
29-Oct-17	1810411
30-Oct-17	1813191
31-Oct-17	1815426
1-Nov-17	1818270
2-Nov-17	1821204
3-Nov-17	1824680
4-Nov-17	1830556
5-Nov-17	1839463
6-Nov-17	1843915
7-Nov-17	1847117
8-Nov-17	1850289
9-Nov-17	1853578
10-Nov-17	1856372
11-Nov-17	1859437
12-Nov-17	1861911
13-Nov-17	1863540
14-Nov-17	1864848
15-Nov-17	1866231
16-Nov-17	1867245
17-Nov-17	1868568
18-Nov-17	1870305
19-Nov-17	1871823
20-Nov-17	1873113
21-Nov-17	1874548
22-Nov-17	1875897
23-Nov-17	1876999
24-Nov-17	1878178
25-Nov-17	1879317
26-Nov-17	1880760
27-Nov-17	1881694
28-Nov-17	1882463
29-Nov-17	1883134
30-Nov-17	1883780
1-Dec-17	1887336
2-Dec-17	1896602
3-Dec-17	1901993
4-Dec-17	1904114
5-Dec-17	1906857
6-Dec-17	1911421
7-Dec-17	1917646
8-Dec-17	1921501
9-Dec-17	1925550
10-Dec-17	1931189
11-Dec-17	1935575
12-Dec-17	1939476
13-Dec-17	1943583
14-Dec-17	1946160
15-Dec-17	1949412
16-Dec-17	1953996
17-Dec-17	1959034
18-Dec-17	1963009
19-Dec-17	1967075
20-Dec-17	1970677
21-Dec-17	1974446
22-Dec-17	1977989
23-Dec-17	1982069
24-Dec-17	1985695
25-Dec-17	1987996
26-Dec-17	1991026
27-Dec-17	1994226
28-Dec-17	1997152
29-Dec-17	2000715
30-Dec-17	2004492
31-Dec-17	2008679
1-Jan-18	2012818
2-Jan-18	2017033
3-Jan-18	2020937
4-Jan-18	2025502
5-Jan-18	2030199
6-Jan-18	2035248
7-Jan-18	2040441
8-Jan-18	2044746
9-Jan-18	2048421
10-Jan-18	2051588
11-Jan-18	2052770
12-Jan-18	2070709
13-Jan-18	2108518
14-Jan-18	2169706
15-Jan-18	2208831
16-Jan-18	2247762
17-Jan-18	2290748
18-Jan-18	2316613
19-Jan-18	2347898
20-Jan-18	2376413
21-Jan-18	2400570
22-Jan-18	2416581
23-Jan-18	2432912
24-Jan-18	2455925
25-Jan-18	2478480
26-Jan-18	2518173
27-Jan-18	2564777
28-Jan-18	2684378
29-Jan-18	2741799
30-Jan-18	2775500
31-Jan-18	2795443
1-Feb-18	2814835
2-Feb-18	2831840
3-Feb-18	2867385
4-Feb-18	2888170
5-Feb-18	2902825
6-Feb-18	2912675
7-Feb-18	2921962
8-Feb-18	2936335
9-Feb-18	2962003
10-Feb-18	2976502
11-Feb-18	2991232
12-Feb-18	3000489
13-Feb-18	3023218
14-Feb-18	3060867
15-Feb-18	3077529
16-Feb-18	3090074
17-Feb-18	3114887
18-Feb-18	3136544
19-Feb-18	3146582
20-Feb-18	3155389
21-Feb-18	3169820
22-Feb-18	3239192
23-Feb-18	3306680
24-Feb-18	3320068
25-Feb-18	3336588
26-Feb-18	3352583
27-Feb-18	3363086
28-Feb-18	3374376
1-Mar-18	3389789
2-Mar-18	3421457
3-Mar-18	3452207
4-Mar-18	3536167
5-Mar-18	3567046
6-Mar-18	3584724
7-Mar-18	3603826
8-Mar-18	3618849
9-Mar-18	3631668
10-Mar-18	3646364
11-Mar-18	3659548
12-Mar-18	3671023
13-Mar-18	3687497
14-Mar-18	3699699
15-Mar-18	3709262
16-Mar-18	3723363
17-Mar-18	3749503
18-Mar-18	3789876
19-Mar-18	3807954
20-Mar-18	3820586
21-Mar-18	3841448
22-Mar-18	3862329
23-Mar-18	3886247
24-Mar-18	3919076
25-Mar-18	3949716
26-Mar-18	3975710
27-Mar-18	3990621
28-Mar-18	4014269
29-Mar-18	4037356
30-Mar-18	4062829
31-Mar-18	4092303
1-Apr-18	4113891
2-Apr-18	4132324
3-Apr-18	4168044
4-Apr-18	4190227
5-Apr-18	4211450
6-Apr-18	4225498
7-Apr-18	4249361
8-Apr-18	4279072
9-Apr-18	4318525
10-Apr-18	4346235
11-Apr-18	4361960
12-Apr-18	4374831
13-Apr-18	4387344
14-Apr-18	4433521
15-Apr-18	4450119
16-Apr-18	4469088
17-Apr-18	4482189
18-Apr-18	4490008
19-Apr-18	4502073
20-Apr-18	4513689
21-Apr-18	4527031
22-Apr-18	4544791
23-Apr-18	4556161
24-Apr-18	4571545
25-Apr-18	4583469
26-Apr-18	4594896
27-Apr-18	4603654
28-Apr-18	4609037
29-Apr-18	4618772
30-Apr-18	4629381
1-May-18	4642324
2-May-18	4650518
3-May-18	4662780
4-May-18	4671892
5-May-18	4697118
6-May-18	4722392
7-May-18	4738100
8-May-18	4750769
9-May-18	4761423
10-May-18	4770640
11-May-18	4777262
12-May-18	4795534
13-May-18	4806526
14-May-18	4823121
15-May-18	4833426
16-May-18	4842080
17-May-18	4849644
18-May-18	4856043
19-May-18	4865024
20-May-18	4874804
21-May-18	4882807
22-May-18	4892757
23-May-18	4906725
24-May-18	4928586
25-May-18	4942899
26-May-18	4964223
27-May-18	4974991
28-May-18	4990747
29-May-18	5006090
30-May-18	5017480
31-May-18	5025543
1-Jun-18	5033251
2-Jun-18	5043506
3-Jun-18	5053547
4-Jun-18	5063991
5-Jun-18	5073141
6-Jun-18	5082175
7-Jun-18	5090809
8-Jun-18	5100215
9-Jun-18	5120649
10-Jun-18	5139965
11-Jun-18	5150829
12-Jun-18	5159189
13-Jun-18	5166779
14-Jun-18	5175150
15-Jun-18	5181927
16-Jun-18	5190502
17-Jun-18	5199440
18-Jun-18	5207883
19-Jun-18	5216874
20-Jun-18	5227600
21-Jun-18	5238664
22-Jun-18	5250866
23-Jun-18	5264464
24-Jun-18	5294302
25-Jun-18	5328623
26-Jun-18	5359756
27-Jun-18	5389163
28-Jun-18	5422964
29-Jun-18	5458722
30-Jun-18	5496453
1-Jul-18	5539055
2-Jul-18	5575511
3-Jul-18	5612636
4-Jul-18	5651052
5-Jul-18	5692649
6-Jul-18	5730807
7-Jul-18	5757097
8-Jul-18	5779964
9-Jul-18	5808500
10-Jul-18	5840143
11-Jul-18	5867009
12-Jul-18	5890574
13-Jul-18	5915085
14-Jul-18	5955021
15-Jul-18	6042435
16-Jul-18	6119179
17-Jul-18	6190302
18-Jul-18	6243443
19-Jul-18	6281039
20-Jul-18	6305241
21-Jul-18	6323788
22-Jul-18	6341043
23-Jul-18	6356247
24-Jul-18	6368864
25-Jul-18	6382863
26-Jul-18	6406322
27-Jul-18	6426211
28-Jul-18	6464180
29-Jul-18	6550718
30-Jul-18	6680248
31-Jul-18	6807820
1-Aug-18	6881595
2-Aug-18	6921944
3-Aug-18	6980218
4-Aug-18	7045499
5-Aug-18	7111304
6-Aug-18	7185712
7-Aug-18	7242298
8-Aug-18	7290631
9-Aug-18	7328327
10-Aug-18	7361957
11-Aug-18	7389054
12-Aug-18	7414600
13-Aug-18	7437427
14-Aug-18	7454907
15-Aug-18	7469304
16-Aug-18	7486149
17-Aug-18	7498788
18-Aug-18	7512519
19-Aug-18	7524570
20-Aug-18	7537278
21-Aug-18	7550480
22-Aug-18	7563085
23-Aug-18	7573973
24-Aug-18	7591042
25-Aug-18	7612591
26-Aug-18	7632318
27-Aug-18	7651177
28-Aug-18	7670917
29-Aug-18	7692044
30-Aug-18	7770094
31-Aug-18	7803070
1-Sep-18	7831755
2-Sep-18	7876357
3-Sep-18	7916499
4-Sep-18	7939020
5-Sep-18	7953478
6-Sep-18	7964166
7-Sep-18	7974652
8-Sep-18	7988603
9-Sep-18	8003046
10-Sep-18	8012180
11-Sep-18	8020493
12-Sep-18	8031336
13-Sep-18	8041760
14-Sep-18	8054371
15-Sep-18	8074097
16-Sep-18	8092912
17-Sep-18	8104680
18-Sep-18	8114133
19-Sep-18	8129748
20-Sep-18	8145865
21-Sep-18	8156545
22-Sep-18	8169109
23-Sep-18	8183008
24-Sep-18	8192171
25-Sep-18	8200081
26-Sep-18	8208552
27-Sep-18	8216315
28-Sep-18	8224794
29-Sep-18	8243869
30-Sep-18	8264441
1-Oct-18	8282101
2-Oct-18	8306288
3-Oct-18	8327449
4-Oct-18	8360647
5-Oct-18	8379588
6-Oct-18	8417088
7-Oct-18	8463184
8-Oct-18	8502616
9-Oct-18	8533541
10-Oct-18	8588501
11-Oct-18	8622484
12-Oct-18	8662757
13-Oct-18	8689353
14-Oct-18	8721941
15-Oct-18	8753519
16-Oct-18	8773712
17-Oct-18	8791700
18-Oct-18	8809859
19-Oct-18	8826021
20-Oct-18	8861411
21-Oct-18	8887780
22-Oct-18	8907209
23-Oct-18	8939912
24-Oct-18	8968353
25-Oct-18	9014903
26-Oct-18	9098722
27-Oct-18	9267735
28-Oct-18	9443451
29-Oct-18	9597584
30-Oct-18	9682613
31-Oct-18	9734145
1-Nov-18	9773097
2-Nov-18	9819766
3-Nov-18	9872588
4-Nov-18	9924243
5-Nov-18	9980158
6-Nov-18	10044439
7-Nov-18	10092246
8-Nov-18	10124398
9-Nov-18	10153112
10-Nov-18	10214470
11-Nov-18	10272148
12-Nov-18	10325081
13-Nov-18	10368168
14-Nov-18	10418107
15-Nov-18	10454685
16-Nov-18	10483419
17-Nov-18	10529020
18-Nov-18	10581561
19-Nov-18	10617177
20-Nov-18	10637173
21-Nov-18	10658150
22-Nov-18	10721185
23-Nov-18	10835349
24-Nov-18	10939262
25-Nov-18	11120262
26-Nov-18	11272041
27-Nov-18	11362116
28-Nov-18	11414055
29-Nov-18	11455342
30-Nov-18	11521880
1-Dec-18	11590773
2-Dec-18	11685662
3-Dec-18	11763832
4-Dec-18	11823909
5-Dec-18	11879948
6-Dec-18	11926703
7-Dec-18	11993277
8-Dec-18	12127934
9-Dec-18	12263436
10-Dec-18	12354968
11-Dec-18	12415583
12-Dec-18	12509004
13-Dec-18	12588885
14-Dec-18	12626258
15-Dec-18	12677670
16-Dec-18	12741214
17-Dec-18	12809445
18-Dec-18	12853554
19-Dec-18	12901359
20-Dec-18	12942595
21-Dec-18	12961776
22-Dec-18	12999675
23-Dec-18	13050119
24-Dec-18	13105989
25-Dec-18	13151445
26-Dec-18	13191313
27-Dec-18	13219091
28-Dec-18	13244490
29-Dec-18	13273212
30-Dec-18	13296347
31-Dec-18	13318814
1-Jan-19	13372421
2-Jan-19	13430679
3-Jan-19	13470826
4-Jan-19	13502534
5-Jan-19	13535188
6-Jan-19	13569446
7-Jan-19	13594599
8-Jan-19	13617560
9-Jan-19	13654337
10-Jan-19	13678687
11-Jan-19	13699130
12-Jan-19	13766165
13-Jan-19	13806750
14-Jan-19	13847678
15-Jan-19	13882683
16-Jan-19	13924291
17-Jan-19	13963794
18-Jan-19	13996098
19-Jan-19	14034004
20-Jan-19	14063914
21-Jan-19	14091022
22-Jan-19	14112626
23-Jan-19	14132168
24-Jan-19	14148982
25-Jan-19	14164551
26-Jan-19	14199016
27-Jan-19	14254599
28-Jan-19	14292050
29-Jan-19	14317695
30-Jan-19	14340477
31-Jan-19	14371938
1-Feb-19	14424675
2-Feb-19	14475733
3-Feb-19	14526437
4-Feb-19	14580577
5-Feb-19	14633292
6-Feb-19	14688961
7-Feb-19	14728643
8-Feb-19	14757236
9-Feb-19	14789569
10-Feb-19	14830394
11-Feb-19	14863140
12-Feb-19	14890962
13-Feb-19	14918000
14-Feb-19	14952328
15-Feb-19	15003117
16-Feb-19	15067417
17-Feb-19	15129668
18-Feb-19	15176263
19-Feb-19	15209401
20-Feb-19	15237983
21-Feb-19	15261807
22-Feb-19	15283253
23-Feb-19	15322153
24-Feb-19	15363396
25-Feb-19	15386467
26-Feb-19	15404490
27-Feb-19	15421362
28-Feb-19	15451068
1-Mar-19	15491995
2-Mar-19	15525875
3-Mar-19	15562393
4-Mar-19	15601727
5-Mar-19	15629347
6-Mar-19	15644698
7-Mar-19	15684702
8-Mar-19	15713447
9-Mar-19	15752735
10-Mar-19	15801665
11-Mar-19	15831926
12-Mar-19	15890291
13-Mar-19	15949497
14-Mar-19	15976477
15-Mar-19	15998996
16-Mar-19	16053920
17-Mar-19	16121343
18-Mar-19	16163501
19-Mar-19	16188247
20-Mar-19	16210895
21-Mar-19	16233011
22-Mar-19	16254197
23-Mar-19	16278178
24-Mar-19	16319684
25-Mar-19	16353760
26-Mar-19	16378631
27-Mar-19	16413320
28-Mar-19	16441507
29-Mar-19	16468480
30-Mar-19	16503870
31-Mar-19	16541420
1-Apr-19	16575567
2-Apr-19	16605972
3-Apr-19	16633077
4-Apr-19	16661240
5-Apr-19	16702493
6-Apr-19	16752714
7-Apr-19	16810766
8-Apr-19	16850764
9-Apr-19	16880622
10-Apr-19	16909605
11-Apr-19	16935012
12-Apr-19	16960195
13-Apr-19	17008020
14-Apr-19	17057741
15-Apr-19	17096873
16-Apr-19	17128122
17-Apr-19	17157348
18-Apr-19	17200766
19-Apr-19	17271187
20-Apr-19	17351799
21-Apr-19	17444062
22-Apr-19	17529317
23-Apr-19	17591962
24-Apr-19	17644393
25-Apr-19	17685806
26-Apr-19	17722143
27-Apr-19	17770316
28-Apr-19	17820327
29-Apr-19	17852168
30-Apr-19	17864847
1-May-19	17925802
2-May-19	17961591
3-May-19	17992719
4-May-19	18026095
5-May-19	18054284
6-May-19	18071742
7-May-19	18096180
8-May-19	18129981
9-May-19	18158180
10-May-19	18182417
11-May-19	18205025
12-May-19	18226022
13-May-19	18243521
14-May-19	18258961
15-May-19	18294247
16-May-19	18344276
17-May-19	18376172
18-May-19	18556700
19-May-19	18814979
20-May-19	18933559
21-May-19	19007126
22-May-19	19063048
23-May-19	19116496
24-May-19	19164649
25-May-19	19212289
26-May-19	19267376
27-May-19	19320310
28-May-19	19363616
29-May-19	19402789
30-May-19	19467698
31-May-19	19541179
1-Jun-19	19607257
2-Jun-19	19670881
3-Jun-19	19710469
4-Jun-19	19742589
5-Jun-19	19769539
6-Jun-19	19833049
7-Jun-19	19914679
8-Jun-19	20038074
9-Jun-19	20155497
10-Jun-19	20240172
11-Jun-19	20302840
12-Jun-19	20350397
13-Jun-19	20432992
14-Jun-19	20514872
15-Jun-19	20593153
16-Jun-19	20684663
17-Jun-19	20741398
18-Jun-19	20780456
19-Jun-19	20814799
20-Jun-19	20850679
21-Jun-19	20903556
22-Jun-19	20964228
23-Jun-19	21018006
24-Jun-19	21061614
25-Jun-19	21094024
26-Jun-19	21123315
27-Jun-19	21151875
28-Jun-19	21175403
29-Jun-19	21197409
30-Jun-19	21219478
1-Jul-19	21246580
2-Jul-19	21304966
3-Jul-19	21375609
4-Jul-19	21378178
5-Jul-19	21413197.67
6-Jul-19	21448217.33
7-Jul-19	21483237
8-Jul-19	21518256.67
9-Jul-19	21553276.33
10-Jul-19	21588296
11-Jul-19	21613579.63
12-Jul-19	21638863.25
13-Jul-19	21664146.88
14-Jul-19	21689430.5
15-Jul-19	21714714.13
16-Jul-19	21739997.75
17-Jul-19	21765281.38
18-Jul-19	21790565
19-Jul-19	21814838.13
20-Jul-19	21839111.25
21-Jul-19	21863384.38
22-Jul-19	21887657.5
23-Jul-19	21911930.63
24-Jul-19	21936203.75
25-Jul-19	21960476.88
26-Jul-19	21984750
27-Jul-19	22004870.5
28-Jul-19	22024991
29-Jul-19	22045111.5
30-Jul-19	22065232
31-Jul-19	22085352.5
1-Aug-19	22105473
2-Aug-19	22153290.5
3-Aug-19	22201108
4-Aug-19	22239018.88
5-Aug-19	22276929.75
6-Aug-19	22314840.63
7-Aug-19	22352751.5
8-Aug-19	22390662.38
9-Aug-19	22428573.25
10-Aug-19	22466484.13
11-Aug-19	22504395
12-Aug-19	22554030.88
13-Aug-19	22603666.75
14-Aug-19	22653302.63
15-Aug-19	22702938.5
16-Aug-19	22752574.38
17-Aug-19	22802210.25
18-Aug-19	22851846.13
19-Aug-19	22901482
20-Aug-19	22953700.75
21-Aug-19	23005919.5
22-Aug-19	23058138.25
23-Aug-19	23110357
24-Aug-19	23162575.75
25-Aug-19	23214794.5
26-Aug-19	23267013.25
27-Aug-19	23319232
28-Aug-19	23417508.4
29-Aug-19	23515784.8
30-Aug-19	23614061.2
31-Aug-19	23712337.6
1-Sep-19	23810614
2-Sep-19	23859142.67
3-Sep-19	23907671.33
4-Sep-19	23956200
5-Sep-19	23984414.13
6-Sep-19	24012628.25
7-Sep-19	24040842.38
8-Sep-19	24069056.5
9-Sep-19	24097270.63
10-Sep-19	24125484.75
11-Sep-19	24153698.88
12-Sep-19	24181913
13-Sep-19	24196673.88
14-Sep-19	24211434.75
15-Sep-19	24226195.63
16-Sep-19	24240956.5
17-Sep-19	24255717.38
18-Sep-19	24270478.25
19-Sep-19	24285239.13
20-Sep-19	24300000
21-Sep-19	24312500
22-Sep-19	24325000
23-Sep-19	24337500
24-Sep-19	24350000
25-Sep-19	24362500
26-Sep-19	24375000
27-Sep-19	24387500
28-Sep-19	24400000
29-Sep-19	24433333.33
30-Sep-19	24466666.67
1-Oct-19	24500000
2-Oct-19	24520000
3-Oct-19	24540000
4-Oct-19	24560000
5-Oct-19	24580000
6-Oct-19	24600000
7-Oct-19	24625000
8-Oct-19	24650000
9-Oct-19	24675000
10-Oct-19	24700000
11-Oct-19	24725000
12-Oct-19	24750000
13-Oct-19	24775000
14-Oct-19	24800000
15-Oct-19	24812500
16-Oct-19	24825000
17-Oct-19	24837500
18-Oct-19	24850000
19-Oct-19	24862500
20-Oct-19	24875000
21-Oct-19	24887500
22-Oct-19	24900000
23-Oct-19	24962500
24-Oct-19	25025000
25-Oct-19	25087500
26-Oct-19	25150000
27-Oct-19	25212500
28-Oct-19	25275000
29-Oct-19	25337500
30-Oct-19	25400000
31-Oct-19	25450000
1-Nov-19	25500000
2-Nov-19	25533333.33
3-Nov-19	25566666.67
4-Nov-19	25600000
5-Nov-19	25633333.33
6-Nov-19	25666666.67
7-Nov-19	25700000
8-Nov-19	25737500
9-Nov-19	25775000
10-Nov-19	25812500
11-Nov-19	25850000
12-Nov-19	25887500
13-Nov-19	25925000
14-Nov-19	25962500
15-Nov-19	26000000
16-Nov-19	26025000
17-Nov-19	26050000
18-Nov-19	26075000
19-Nov-19	26100000
20-Nov-19	26125000
21-Nov-19	26150000
22-Nov-19	26175000
23-Nov-19	26200000
24-Nov-19	26220000
25-Nov-19	26240000
26-Nov-19	26260000
27-Nov-19	26280000
28-Nov-19	26300000
29-Nov-19	26366666.67
30-Nov-19	26433333.33
1-Dec-19	26500000
2-Dec-19	26540000
3-Dec-19	26580000
4-Dec-19	26620000
5-Dec-19	26660000
6-Dec-19	26700000
7-Dec-19	26766666.67
8-Dec-19	26833333.33
9-Dec-19	26900000
10-Dec-19	26940000
11-Dec-19	26980000
12-Dec-19	27020000
13-Dec-19	27060000
14-Dec-19	27100000
15-Dec-19	27133333.33
16-Dec-19	27166666.67
17-Dec-19	27200000
18-Dec-19	27280000
19-Dec-19	27360000
20-Dec-19	27440000
21-Dec-19	27520000
22-Dec-19	27600000
23-Dec-19	27733333.33
24-Dec-19	27866666.67
25-Dec-19	28000000
26-Dec-19	28060000
27-Dec-19	28120000
28-Dec-19	28180000
29-Dec-19	28240000
30-Dec-19	28300000
31-Dec-19	28350000
1-Jan-20	28400000
2-Jan-20	28433333.33
3-Jan-20	28466666.67
4-Jan-20	28500000
5-Jan-20	28533333.33
6-Jan-20	28566666.67
7-Jan-20	28600000
8-Jan-20	28633333.33
9-Jan-20	28666666.67
10-Jan-20	28700000
11-Jan-20	28712500
12-Jan-20	28725000
13-Jan-20	28737500
14-Jan-20	28750000
15-Jan-20	28762500
16-Jan-20	28775000
17-Jan-20	28787500
18-Jan-20	28800000
19-Jan-20	28820000
20-Jan-20	28840000
21-Jan-20	28860000
22-Jan-20	28880000
23-Jan-20	28900000
24-Jan-20	28966666.67
25-Jan-20	29033333.33
26-Jan-20	29100000
27-Jan-20	29120000
28-Jan-20	29140000
29-Jan-20	29160000
30-Jan-20	29180000
31-Jan-20	29200000
1-Feb-20	29300000
2-Feb-20	29350000
3-Feb-20	29400000
4-Feb-20	29460000
5-Feb-20	29520000
6-Feb-20	29580000
7-Feb-20	29640000
8-Feb-20	29700000
9-Feb-20	29766666.67
10-Feb-20	29833333.33
11-Feb-20	29900000
12-Feb-20	29960000
13-Feb-20	30020000
14-Feb-20	30080000
15-Feb-20	30140000
16-Feb-20	30200000
17-Feb-20	30233333.33
18-Feb-20	30266666.67
19-Feb-20	30300000
20-Feb-20	30360000
21-Feb-20	30420000
22-Feb-20	30480000
23-Feb-20	30540000
24-Feb-20	30600000
25-Feb-20	30700000
26-Feb-20	30800000
27-Feb-20	30900000
28-Feb-20	31000000
29-Feb-20	31100000
1-Mar-20	31200000
2-Mar-20	31250000
3-Mar-20	31300000
4-Mar-20	31333333.33
5-Mar-20	31366666.67
6-Mar-20	31400000
7-Mar-20	31500000
8-Mar-20	31600000
9-Mar-20	31700000
10-Mar-20	31800000
11-Mar-20	31900000
12-Mar-20	31966666.67
13-Mar-20	32033333.33
14-Mar-20	32100000
15-Mar-20	32180000
16-Mar-20	32260000
17-Mar-20	32340000
18-Mar-20	32420000
19-Mar-20	32500000
20-Mar-20	32600000
21-Mar-20	32700000
22-Mar-20	32800000
23-Mar-20	32880000
24-Mar-20	32960000
25-Mar-20	33040000
26-Mar-20	33120000
27-Mar-20	33200000
28-Mar-20	33266666.67
29-Mar-20	33333333.33
30-Mar-20	33400000
31-Mar-20	33450000
1-Apr-20	33500000
2-Apr-20	33516666.67
3-Apr-20	33533333.33
4-Apr-20	33550000
5-Apr-20	33566666.67
6-Apr-20	33583333.33
7-Apr-20	33600000
8-Apr-20	33660000
9-Apr-20	33720000
10-Apr-20	33780000
11-Apr-20	33840000
12-Apr-20	33900000
13-Apr-20	33933333.33
14-Apr-20	33966666.67
15-Apr-20	34000000
16-Apr-20	34020000
17-Apr-20	34040000
18-Apr-20	34060000
19-Apr-20	34080000
20-Apr-20	34100000
21-Apr-20	34133333.33
22-Apr-20	34166666.67
23-Apr-20	34200000
24-Apr-20	34240000
25-Apr-20	34280000
26-Apr-20	34320000
27-Apr-20	34360000
28-Apr-20	34400000
29-Apr-20	34433333.33
30-Apr-20	34466666.67
1-May-20	34500000
2-May-20	34540000
3-May-20	34580000
4-May-20	34620000
5-May-20	34660000
6-May-20	34700000
7-May-20	34733333.33
8-May-20	34766666.67
9-May-20	34800000
10-May-20	34820000
11-May-20	34840000
12-May-20	34860000
13-May-20	34880000
14-May-20	34900000
15-May-20	34925000
16-May-20	34950000
17-May-20	34975000
18-May-20	35000000
19-May-20	35025000
20-May-20	35050000
21-May-20	35075000
22-May-20	35100000
23-May-20	35133333.33
24-May-20	35166666.67
25-May-20	35200000
26-May-20	35260000
27-May-20	35320000
28-May-20	35380000
29-May-20	35440000
30-May-20	35500000
31-May-20	35600000
1-Jun-20	35700000
2-Jun-20	35800000
3-Jun-20	35880000
4-Jun-20	35960000
5-Jun-20	36040000
6-Jun-20	36120000
7-Jun-20	36200000
8-Jun-20	36300000
9-Jun-20	36400000
10-Jun-20	36500000
11-Jun-20	36600000
12-Jun-20	36700000
13-Jun-20	36800000
14-Jun-20	36900000
15-Jun-20	37000000
16-Jun-20	37066666.67
17-Jun-20	37133333.33
18-Jun-20	37200000
19-Jun-20	37220000
20-Jun-20	37240000
21-Jun-20	37260000
22-Jun-20	37280000
23-Jun-20	37300000
24-Jun-20	37366666.67
25-Jun-20	37433333.33
26-Jun-20	37500000
27-Jun-20	37560000
28-Jun-20	37620000
29-Jun-20	37680000
30-Jun-20	37740000
1-Jul-20	37800000
2-Jul-20	37833333.33
3-Jul-20	37866666.67
4-Jul-20	37900000
5-Jul-20	38000000
6-Jul-20	38100000
7-Jul-20	38200000
8-Jul-20	38300000
9-Jul-20	38400000
10-Jul-20	38433333.33
11-Jul-20	38466666.67
12-Jul-20	38500000
13-Jul-20	38566666.67
14-Jul-20	38633333.33
15-Jul-20	38700000
16-Jul-20	38750000
17-Jul-20	38800000
18-Jul-20	38833333.33
19-Jul-20	38866666.67
20-Jul-20	38900000
21-Jul-20	38933333.33
22-Jul-20	38966666.67
23-Jul-20	39000000
24-Jul-20	39050000
25-Jul-20	39100000
26-Jul-20	39200000
27-Jul-20	39300000
28-Jul-20	39400000
29-Jul-20	39433333.33
30-Jul-20	39466666.67
31-Jul-20	39500000
1-Aug-20	39600000
2-Aug-20	39700000
3-Aug-20	39800000
4-Aug-20	39900000
5-Aug-20	40000000
6-Aug-20	40066666.67
7-Aug-20	40133333.33
8-Aug-20	40200000
9-Aug-20	40300000
10-Aug-20	40400000
11-Aug-20	40500000
12-Aug-20	40600000
13-Aug-20	40700000
14-Aug-20	40866666.67
15-Aug-20	41033333.33
16-Aug-20	41200000
17-Aug-20	41350000
18-Aug-20	41500000
19-Aug-20	41566666.67
20-Aug-20	41633333.33
21-Aug-20	41700000
22-Aug-20	41833333.33
23-Aug-20	41966666.67
24-Aug-20	42100000
25-Aug-20	42200000
26-Aug-20	42300000
27-Aug-20	42333333.33
28-Aug-20	42366666.67
29-Aug-20	42400000
30-Aug-20	42433333.33
31-Aug-20	42466666.67
1-Sep-20	42500000
2-Sep-20	42550000
3-Sep-20	42600000
4-Sep-20	42633333.33
5-Sep-20	42666666.67
6-Sep-20	42700000
7-Sep-20	42733333.33
8-Sep-20	42766666.67
9-Sep-20	42800000
10-Sep-20	42850000
11-Sep-20	42900000
12-Sep-20	42933333.33
13-Sep-20	42966666.67
14-Sep-20	43000000
15-Sep-20	43033333.33
16-Sep-20	43066666.67
17-Sep-20	43100000
18-Sep-20	43150000
19-Sep-20	43200000
20-Sep-20	43333333.33
21-Sep-20	43466666.67
22-Sep-20	43600000
23-Sep-20	43666666.67
24-Sep-20	43733333.33
25-Sep-20	43800000
26-Sep-20	43850000
27-Sep-20	43900000
28-Sep-20	43966666.67
29-Sep-20	44033333.33
30-Sep-20	44100000
1-Oct-20	44133333.33
2-Oct-20	44166666.67
3-Oct-20	44200000
4-Oct-20	44250000
5-Oct-20	44300000
6-Oct-20	44366666.67
7-Oct-20	44433333.33
8-Oct-20	44500000
9-Oct-20	44533333.33
10-Oct-20	44566666.67
11-Oct-20	44600000
12-Oct-20	44650000
13-Oct-20	44700000
14-Oct-20	44766666.67
15-Oct-20	44833333.33
16-Oct-20	44900000
17-Oct-20	44966666.67
18-Oct-20	45033333.33
19-Oct-20	45100000
20-Oct-20	45150000
21-Oct-20	45200000
22-Oct-20	45233333.33
23-Oct-20	45266666.67
24-Oct-20	45300000
25-Oct-20	45366666.67
26-Oct-20	45433333.33
27-Oct-20	45500000
28-Oct-20	45560000
29-Oct-20	45620000
30-Oct-20	45680000
31-Oct-20	45740000
1-Nov-20	45800000
2-Nov-20	45833333.33
3-Nov-20	45866666.67
4-Nov-20	45900000
5-Nov-20	45950000
6-Nov-20	46000000
7-Nov-20	46033333.33
8-Nov-20	46066666.67
9-Nov-20	46100000
10-Nov-20	46120000
11-Nov-20	46140000
12-Nov-20	46160000
13-Nov-20	46180000
14-Nov-20	46200000
15-Nov-20	46233333.33
16-Nov-20	46266666.67
17-Nov-20	46300000
18-Nov-20	46366666.67
19-Nov-20	46433333.33
20-Nov-20	46500000
21-Nov-20	46550000
22-Nov-20	46600000
23-Nov-20	46633333.33
24-Nov-20	46666666.67
25-Nov-20	46700000
26-Nov-20	46733333.33
27-Nov-20	46766666.67
28-Nov-20	46800000
29-Nov-20	46850000
30-Nov-20	46900000
1-Dec-20	46933333.33
2-Dec-20	46966666.67
3-Dec-20	47000000
4-Dec-20	47033333.33
5-Dec-20	47066666.67
6-Dec-20	47100000
7-Dec-20	47200000
8-Dec-20	47300000
9-Dec-20	47333333.33
10-Dec-20	47366666.67
11-Dec-20	47400000
12-Dec-20	47433333.33
13-Dec-20	47466666.67
14-Dec-20	47500000
15-Dec-20	47650000
16-Dec-20	47800000
17-Dec-20	47900000
18-Dec-20	48000000
19-Dec-20	48100000
20-Dec-20	48266666.67
21-Dec-20	48433333.33
22-Dec-20	48600000
23-Dec-20	48700000
24-Dec-20	48800000
25-Dec-20	48900000
26-Dec-20	49000000
27-Dec-20	49100000
28-Dec-20	49200000
29-Dec-20	49300000
30-Dec-20	49400000
31-Dec-20	49500000
1-Jan-21	49700000
2-Jan-21	49833333.33
3-Jan-21	49966666.67
4-Jan-21	50100000
5-Jan-21	50166666.67
6-Jan-21	50233333.33
7-Jan-21	50300000
8-Jan-21	50420000
9-Jan-21	50540000
10-Jan-21	50660000
11-Jan-21	50780000
12-Jan-21	50900000
13-Jan-21	51000000
14-Jan-21	51100000
15-Jan-21	51200000
16-Jan-21	51260000
17-Jan-21	51320000
18-Jan-21	51380000
19-Jan-21	51440000
20-Jan-21	51500000
21-Jan-21	51633333.33
22-Jan-21	51766666.67
23-Jan-21	51900000
24-Jan-21	51980000
25-Jan-21	52060000
26-Jan-21	52140000
27-Jan-21	52220000
28-Jan-21	52300000
29-Jan-21	52366666.67
30-Jan-21	52433333.33
31-Jan-21	52500000
1-Feb-21	52540000
2-Feb-21	52580000
3-Feb-21	52620000
4-Feb-21	52660000
5-Feb-21	52700000
6-Feb-21	52733333.33
7-Feb-21	52766666.67
8-Feb-21	52800000
9-Feb-21	52860000
10-Feb-21	52920000
11-Feb-21	52980000
12-Feb-21	53040000
13-Feb-21	53100000
14-Feb-21	53266666.67
15-Feb-21	53433333.33
16-Feb-21	53600000
17-Feb-21	53660000
18-Feb-21	53720000
19-Feb-21	53780000
20-Feb-21	53840000
21-Feb-21	53900000
22-Feb-21	53966666.67
23-Feb-21	54033333.33
24-Feb-21	54100000
25-Feb-21	54140000
26-Feb-21	54180000
27-Feb-21	54220000
28-Feb-21	54260000
1-Mar-21	54300000
2-Mar-21	54333333.33
3-Mar-21	54366666.67
4-Mar-21	54400000
5-Mar-21	54480000
6-Mar-21	54560000
7-Mar-21	54640000
8-Mar-21	54720000
9-Mar-21	54800000
10-Mar-21	54866666.67
11-Mar-21	54933333.33
12-Mar-21	55000000
13-Mar-21	55080000
14-Mar-21	55160000
15-Mar-21	55240000
16-Mar-21	55320000
17-Mar-21	55400000
18-Mar-21	55466666.67
19-Mar-21	55533333.33
20-Mar-21	55600000
21-Mar-21	55640000
22-Mar-21	55680000
23-Mar-21	55720000
24-Mar-21	55760000
25-Mar-21	55800000
26-Mar-21	56033333.33
27-Mar-21	56266666.67
28-Mar-21	56500000
29-Mar-21	56750000
30-Mar-21	57000000
31-Mar-21	57250000
1-Apr-21	57500000
2-Apr-21	57775000
3-Apr-21	58050000
4-Apr-21	58325000
5-Apr-21	58600000
6-Apr-21	58733333.33
7-Apr-21	58866666.67
8-Apr-21	59000000
9-Apr-21	59100000
10-Apr-21	59200000
11-Apr-21	59300000
12-Apr-21	59400000
13-Apr-21	59500000
14-Apr-21	59600000
15-Apr-21	59700000
16-Apr-21	59800000
17-Apr-21	59900000
18-Apr-21	60000000
19-Apr-21	60100000
20-Apr-21	60200000
21-Apr-21	60300000
22-Apr-21	60366666.67
23-Apr-21	60433333.33
24-Apr-21	60500000
25-Apr-21	60640000
26-Apr-21	60780000
27-Apr-21	60920000
28-Apr-21	61060000
29-Apr-21	61200000
30-Apr-21	61250000
1-May-21	61300000
2-May-21	61400000
3-May-21	61460000
4-May-21	61520000
5-May-21	61580000
6-May-21	61640000
7-May-21	61700000
8-May-21	61766666.67
9-May-21	61833333.33
10-May-21	61900000
11-May-21	61940000
12-May-21	61980000
13-May-21	62020000
14-May-21	62060000
15-May-21	62100000
16-May-21	62133333.33
17-May-21	62166666.67
18-May-21	62200000
19-May-21	62240000
20-May-21	62280000
21-May-21	62320000
22-May-21	62360000
23-May-21	62400000
24-May-21	62433333.33
25-May-21	62466666.67
26-May-21	62500000
27-May-21	62540000
28-May-21	62580000
29-May-21	62620000
30-May-21	62660000
31-May-21	62700000
1-Jun-21	62800000
2-Jun-21	62850000
3-Jun-21	62900000
4-Jun-21	62960000
5-Jun-21	63020000
6-Jun-21	63080000
7-Jun-21	63140000
8-Jun-21	63200000
9-Jun-21	63233333.33
10-Jun-21	63266666.67
11-Jun-21	63300000
12-Jun-21	63360000
13-Jun-21	63420000
14-Jun-21	63480000
15-Jun-21	63540000
16-Jun-21	63600000
17-Jun-21	63633333.33
18-Jun-21	63666666.67
19-Jun-21	63700000
20-Jun-21	63740000
21-Jun-21	63780000
22-Jun-21	63820000
23-Jun-21	63860000
24-Jun-21	63900000
25-Jun-21	63966666.67
26-Jun-21	64033333.33
27-Jun-21	64100000
28-Jun-21	64150000
29-Jun-21	64200000
30-Jun-21	64250000
1-Jul-21	64300000
2-Jul-21	64325000
3-Jul-21	64350000
4-Jul-21	64375000
5-Jul-21	64400000
6-Jul-21	64440000
7-Jul-21	64480000
8-Jul-21	64520000
9-Jul-21	64560000
10-Jul-21	64600000
11-Jul-21	64700000
12-Jul-21	64800000
13-Jul-21	64900000
14-Jul-21	64940000
15-Jul-21	64980000
16-Jul-21	65020000
17-Jul-21	65060000
18-Jul-21	65100000
19-Jul-21	65133333.33
20-Jul-21	65166666.67
21-Jul-21	65200000
22-Jul-21	65260000
23-Jul-21	65320000
24-Jul-21	65380000
25-Jul-21	65440000
26-Jul-21	65500000
27-Jul-21	65566666.67
28-Jul-21	65633333.33
29-Jul-21	65700000
30-Jul-21	65733333.33
31-Jul-21	65766666.67
1-Aug-21	65800000
2-Aug-21	65850000
3-Aug-21	65900000
4-Aug-21	65966666.67
5-Aug-21	66033333.33
6-Aug-21	66100000
7-Aug-21	66150000
8-Aug-21	66200000
9-Aug-21	66250000
10-Aug-21	66300000
11-Aug-21	66400000
12-Aug-21	66466666.67
13-Aug-21	66533333.33
14-Aug-21	66600000
15-Aug-21	66660000
16-Aug-21	66720000
17-Aug-21	66780000
18-Aug-21	66840000
19-Aug-21	66900000
20-Aug-21	66933333.33
21-Aug-21	66966666.67
22-Aug-21	67000000
23-Aug-21	67060000
24-Aug-21	67120000
25-Aug-21	67180000
26-Aug-21	67240000
27-Aug-21	67300000
28-Aug-21	67333333.33
29-Aug-21	67366666.67
30-Aug-21	67400000
31-Aug-21	67550000
1-Sep-21	67700000
2-Sep-21	67833333.33
3-Sep-21	67966666.67
4-Sep-21	68100000
5-Sep-21	68266666.67
6-Sep-21	68433333.33
7-Sep-21	68600000
8-Sep-21	68700000
9-Sep-21	68800000
10-Sep-21	68900000
11-Sep-21	69000000
12-Sep-21	69100000
13-Sep-21	69166666.67
14-Sep-21	69233333.33
15-Sep-21	69300000
16-Sep-21	69380000
17-Sep-21	69460000
18-Sep-21	69540000
19-Sep-21	69620000
20-Sep-21	69700000
21-Sep-21	69766666.67
22-Sep-21	69833333.33
23-Sep-21	69900000
24-Sep-21	69980000
25-Sep-21	70060000
26-Sep-21	70140000
27-Sep-21	70220000
28-Sep-21	70300000
29-Sep-21	70333333.33
30-Sep-21	70366666.67
1-Oct-21	70400000
2-Oct-21	70460000
3-Oct-21	70520000
4-Oct-21	70580000
5-Oct-21	70640000
6-Oct-21	70700000
7-Oct-21	70766666.67
8-Oct-21	70833333.33
9-Oct-21	70900000
10-Oct-21	70960000
11-Oct-21	71020000
12-Oct-21	71080000
13-Oct-21	71140000
14-Oct-21	71200000
15-Oct-21	71266666.67
16-Oct-21	71333333.33
17-Oct-21	71400000
18-Oct-21	71460000
19-Oct-21	71520000
20-Oct-21	71580000
21-Oct-21	71640000
22-Oct-21	71700000
23-Oct-21	71833333.33
24-Oct-21	71966666.67
25-Oct-21	72100000
26-Oct-21	72240000
27-Oct-21	72380000
28-Oct-21	72520000
29-Oct-21	72660000
30-Oct-21	72800000
31-Oct-21	72950000
1-Nov-21	73100000
2-Nov-21	73200000
3-Nov-21	73360000
4-Nov-21	73520000
5-Nov-21	73680000
6-Nov-21	73840000
7-Nov-21	74000000
8-Nov-21	74133333.33
9-Nov-21	74266666.67
10-Nov-21	74400000
11-Nov-21	74500000
12-Nov-21	74600000
13-Nov-21	74700000
14-Nov-21	74800000
15-Nov-21	74900000
16-Nov-21	75000000
17-Nov-21	75100000
18-Nov-21	75200000
19-Nov-21	75320000
20-Nov-21	75440000
21-Nov-21	75560000
22-Nov-21	75680000
23-Nov-21	75800000
24-Nov-21	76800000
25-Nov-21	77800000
26-Nov-21	78800000
27-Nov-21	79650000
28-Nov-21	80500000
29-Nov-21	81350000
30-Nov-21	82200000
1-Dec-21	82800000
2-Dec-21	83033333.33
3-Dec-21	83266666.67
4-Dec-21	83500000
5-Dec-21	83640000
6-Dec-21	83780000
7-Dec-21	83920000
8-Dec-21	84060000
9-Dec-21	84200000
10-Dec-21	84333333.33
11-Dec-21	84466666.67
12-Dec-21	84600000
13-Dec-21	84700000
14-Dec-21	84800000
15-Dec-21	84900000
16-Dec-21	85000000
17-Dec-21	85100000
18-Dec-21	85266666.67
19-Dec-21	85433333.33
20-Dec-21	85600000
21-Dec-21	85760000
22-Dec-21	85920000
23-Dec-21	86080000
24-Dec-21	86240000
25-Dec-21	86400000
26-Dec-21	86500000
27-Dec-21	86600000
28-Dec-21	86700000
29-Dec-21	86800000
30-Dec-21	86900000
31-Dec-21	87000000
1-Jan-22	87100000
2-Jan-22	87200000
3-Jan-22	87266666.67
4-Jan-22	87333333.33
5-Jan-22	87400000
6-Jan-22	87480000
7-Jan-22	87560000
8-Jan-22	87640000
9-Jan-22	87720000
10-Jan-22	87800000
11-Jan-22	87866666.67
12-Jan-22	87933333.33
13-Jan-22	88000000
14-Jan-22	88080000
15-Jan-22	88160000
16-Jan-22	88240000
17-Jan-22	88320000
18-Jan-22	88400000
19-Jan-22	88466666.67
20-Jan-22	88533333.33
21-Jan-22	88600000
22-Jan-22	88680000
23-Jan-22	88760000
24-Jan-22	88840000
25-Jan-22	88920000
26-Jan-22	89000000
27-Jan-22	89066666.67
28-Jan-22	89133333.33
29-Jan-22	89200000
30-Jan-22	89300000
31-Jan-22	89400000
1-Feb-22	89500000
2-Feb-22	89550000
3-Feb-22	89600000
4-Feb-22	89700000
5-Feb-22	89800000
6-Feb-22	89900000
7-Feb-22	89960000
8-Feb-22	90020000
9-Feb-22	90080000
10-Feb-22	90140000
11-Feb-22	90200000
12-Feb-22	90233333.33
13-Feb-22	90266666.67
14-Feb-22	90300000
15-Feb-22	90360000
16-Feb-22	90420000
17-Feb-22	90480000
18-Feb-22	90540000
19-Feb-22	90600000
20-Feb-22	90633333.33
21-Feb-22	90666666.67
22-Feb-22	90700000
23-Feb-22	90760000
24-Feb-22	90820000
25-Feb-22	90880000
26-Feb-22	90940000
27-Feb-22	91000000
28-Feb-22	91050000
1-Mar-22	91100000
2-Mar-22	91200000
3-Mar-22	91240000
4-Mar-22	91280000
5-Mar-22	91320000
6-Mar-22	91360000
7-Mar-22	91400000
8-Mar-22	91466666.67
9-Mar-22	91533333.33
10-Mar-22	91600000
11-Mar-22	91640000
12-Mar-22	91680000
13-Mar-22	91720000
14-Mar-22	91760000
15-Mar-22	91800000
16-Mar-22	91833333.33
17-Mar-22	91866666.67
18-Mar-22	91900000
19-Mar-22	91960000
20-Mar-22	92020000
21-Mar-22	92080000
22-Mar-22	92140000
23-Mar-22	92200000
24-Mar-22	92266666.67
25-Mar-22	92333333.33
26-Mar-22	92400000
27-Mar-22	92440000
28-Mar-22	92480000
29-Mar-22	92520000
30-Mar-22	92560000
31-Mar-22	92600000
1-Apr-22	92700000
2-Apr-22	92750000
3-Apr-22	92800000
4-Apr-22	92840000
5-Apr-22	92880000
6-Apr-22	92920000
7-Apr-22	92960000
8-Apr-22	93000000
9-Apr-22	93133333.33
10-Apr-22	93266666.67
11-Apr-22	93400000
12-Apr-22	93480000
13-Apr-22	93560000
14-Apr-22	93640000
15-Apr-22	93720000
16-Apr-22	93800000
17-Apr-22	93866666.67
18-Apr-22	93933333.33
19-Apr-22	94000000
20-Apr-22	94060000
21-Apr-22	94120000
22-Apr-22	94180000
23-Apr-22	94240000
24-Apr-22	94300000
25-Apr-22	94366666.67
26-Apr-22	94433333.33
27-Apr-22	94500000
28-Apr-22	94525000
29-Apr-22	94550000
30-Apr-22	94575000
1-May-22	94600000
2-May-22	94650000
3-May-22	94700000
4-May-22	94750000
5-May-22	94800000
6-May-22	94857142.86
7-May-22	94914285.71
8-May-22	94971428.57
9-May-22	95028571.43
10-May-22	95085714.29
11-May-22	95142857.14
12-May-22	95200000
13-May-22	95200000
13-May-22	95200000
13-May-22	95200000
13-May-22	95200000
13-May-22	95200000
13-May-22	95200000
13-May-22	95200000
13-May-22	95200000
13-May-22	95200000
13-May-22	95200000
13-May-22	95200000
13-May-22	95200000
13-May-22	95200000
13-May-22	95200000
13-May-22	95200000
13-May-22	95200000
13-May-22	95200000
13-May-22	95200000
13-May-22	95200000
13-May-22	95200000
13-May-22	95200000
13-May-22	95200000
13-May-22	95200000
13-May-22	95200000
13-May-22	95200000
13-May-22	95200000
13-May-22	95200000
13-May-22	95200000
13-May-22	95200000
13-May-22	95200000
13-May-22	95200000
13-May-22	95200000
13-May-22	95200000
13-May-22	95200000
13-May-22	95200000
13-May-22	95200000
13-May-22	95200000
13-May-22	95200000
13-May-22	95200000
13-May-22	95200000
13-May-22	95200000
13-May-22	95200000
13-May-22	95200000
13-May-22	95200000
13-May-22	95200000
13-May-22	95200000
13-May-22	95200000
13-May-22	95200000
13-May-22	95200000
13-May-22	95200000
13-May-22	95200000
13-May-22	95200000
13-May-22	95200000
13-May-22	95200000
13-May-22	95200000
13-May-22	95200000
13-May-22	95200000
13-May-22	95200000
13-May-22	95200000
13-May-22	95200000
